quiz_id,student_id,course_id,quiz_date,quiz_title,total_questions,correct_answers,score_percentage,time_taken_minutes,attempts,passed
Q001,S001,C001,2024-01-16,Python Basics Quiz 1,20,15,75.0,18,1,True
Q002,S001,C001,2024-01-20,Python Basics Quiz 2,25,19,76.0,22,1,True
Q003,S001,C003,2024-01-22,Arrays and Lists Quiz,20,12,60.0,25,2,True
SQ0101,S001,C005,2024-01-03,Synthetic Mastery Check,21,18,84.0,34,1,True
SQ0102,S001,C006,2024-03-29,Synthetic Mastery Check,24,18,74.0,25,1,True
SQ0103,S001,C012,2024-02-19,Synthetic Mastery Check,25,22,90.0,22,1,True
SQ0104,S001,C013,2024-01-15,Synthetic Mastery Check,27,25,94.0,31,2,True
SQ0105,S001,C017,2024-01-11,Synthetic Mastery Check,22,18,80.0,27,1,True
SQ0106,S001,C022,2024-01-21,Synthetic Mastery Check,29,24,84.0,31,1,True
SQ0107,S001,C028,2024-03-20,Synthetic Mastery Check,23,20,89.0,23,2,True
SQ0108,S001,C029,2024-03-30,Synthetic Mastery Check,22,16,75.0,19,2,True
SQ0109,S002,C001,2024-02-08,Synthetic Mastery Check,29,24,83.0,20,2,True
Q004,S002,C004,2024-01-13,ML Fundamentals Test,30,26,86.7,28,1,True
Q100,S002,C004,2024-01-25,ML Final Exam,40,36,90.0,45,1,True
Q005,S002,C005,2024-01-15,Neural Networks Quiz,25,20,80.0,30,1,True
Q006,S002,C006,2024-01-18,NLP Basics Quiz,20,17,85.0,22,1,True
SQ0110,S002,C007,2024-03-29,Synthetic Mastery Check,24,21,89.0,20,1,True
SQ0111,S002,C011,2024-01-12,Synthetic Mastery Check,22,17,77.0,21,1,True
SQ0112,S002,C012,2024-02-27,Synthetic Mastery Check,24,18,76.0,21,1,True
SQ0113,S002,C013,2024-02-01,Synthetic Mastery Check,23,17,76.0,19,1,True
SQ0114,S002,C018,2024-01-07,Synthetic Mastery Check,29,24,84.0,27,2,True
SQ0115,S002,C019,2024-02-29,Synthetic Mastery Check,24,19,81.0,26,1,True
SQ0116,S002,C021,2024-02-19,Synthetic Mastery Check,30,25,84.0,25,2,True
SQ0117,S002,C022,2024-02-21,Synthetic Mastery Check,27,21,78.0,30,2,True
SQ0118,S002,C026,2024-02-04,Synthetic Mastery Check,22,17,78.0,28,2,True
SQ0119,S002,C034,2024-02-12,Synthetic Mastery Check,22,18,83.0,32,2,True
Q007,S003,C001,2024-01-24,Python Variables Quiz,15,8,53.3,20,2,False
SQ0120,S003,C002,2024-03-25,Synthetic Mastery Check,24,20,83.0,35,2,True
SQ0121,S003,C004,2024-01-30,Synthetic Mastery Check,21,18,86.0,30,1,True
SQ0122,S003,C005,2024-01-09,Synthetic Mastery Check,29,23,79.0,31,1,True
Q008,S003,C008,2024-01-26,Statistics Intro Quiz,20,11,55.0,25,1,False
SQ0123,S003,C009,2024-01-08,Synthetic Mastery Check,27,22,82.0,25,1,True
SQ0124,S003,C010,2024-01-02,Synthetic Mastery Check,30,22,75.0,20,2,True
SQ0125,S003,C018,2024-01-26,Synthetic Mastery Check,25,20,79.0,29,2,True
SQ0126,S003,C019,2024-01-04,Synthetic Mastery Check,20,17,85.0,33,2,True
SQ0127,S003,C023,2024-02-09,Synthetic Mastery Check,28,27,95.0,33,1,True
SQ0128,S003,C028,2024-03-01,Synthetic Mastery Check,24,21,86.0,21,2,True
Q009,S004,C001,2024-01-18,Python Functions Quiz,20,14,70.0,18,1,True
Q010,S004,C003,2024-01-20,Linked Lists Quiz,20,13,65.0,28,2,True
SQ0129,S004,C007,2024-02-08,Synthetic Mastery Check,26,23,88.0,30,2,True
SQ0130,S004,C008,2024-03-22,Synthetic Mastery Check,30,22,75.0,20,1,True
SQ0131,S004,C009,2024-02-10,Synthetic Mastery Check,28,24,84.0,29,1,True
SQ0132,S004,C011,2024-02-26,Synthetic Mastery Check,30,27,89.0,19,1,True
SQ0133,S004,C021,2024-03-14,Synthetic Mastery Check,24,22,90.0,28,1,True
SQ0134,S004,C022,2024-03-07,Synthetic Mastery Check,26,24,91.0,26,1,True
SQ0135,S004,C023,2024-02-10,Synthetic Mastery Check,28,21,76.0,32,1,True
SQ0136,S004,C027,2024-02-14,Synthetic Mastery Check,26,19,73.0,31,1,True
SQ0137,S004,C030,2024-01-21,Synthetic Mastery Check,26,24,94.0,23,1,True
SQ0138,S004,C031,2024-01-06,Synthetic Mastery Check,28,21,76.0,23,1,True
SQ0139,S004,C033,2024-01-08,Synthetic Mastery Check,25,24,95.0,31,2,True
Q011,S005,C005,2024-01-12,Deep Learning Quiz 1,30,27,90.0,32,1,True
Q012,S005,C006,2024-01-14,Text Processing Quiz,25,22,88.0,25,1,True
SQ0140,S005,C009,2024-03-24,Synthetic Mastery Check,24,21,86.0,33,2,True
SQ0141,S005,C010,2024-01-02,Synthetic Mastery Check,30,28,93.0,19,1,True
SQ0142,S005,C014,2024-01-31,Synthetic Mastery Check,25,19,75.0,27,1,True
SQ0143,S005,C016,2024-02-22,Synthetic Mastery Check,27,21,77.0,27,2,True
Q013,S005,C025,2024-01-16,Recommender Systems Quiz,20,18,90.0,20,1,True
SQ0144,S005,C028,2024-01-13,Synthetic Mastery Check,22,20,89.0,27,2,True
Q014,S006,C001,2024-02-05,Python Intro Quiz,15,8,53.3,18,1,False
Q015,S006,C008,2024-02-07,Basic Statistics Quiz,20,11,55.0,22,2,False
SQ0145,S006,C009,2024-03-16,Synthetic Mastery Check,28,22,79.0,23,2,True
SQ0146,S006,C011,2024-02-27,Synthetic Mastery Check,29,21,73.0,32,1,True
SQ0147,S006,C013,2024-01-31,Synthetic Mastery Check,22,17,78.0,23,1,True
SQ0148,S006,C016,2024-03-25,Synthetic Mastery Check,27,25,93.0,26,1,True
SQ0149,S006,C031,2024-02-07,Synthetic Mastery Check,30,26,86.0,32,1,True
SQ0150,S006,C033,2024-01-14,Synthetic Mastery Check,21,19,92.0,33,1,True
SQ0151,S007,C002,2024-03-01,Synthetic Mastery Check,29,21,72.0,28,1,True
SQ0152,S007,C003,2024-02-20,Synthetic Mastery Check,22,17,79.0,22,2,True
Q016,S007,C005,2024-01-08,CNN Architecture Quiz,30,28,93.3,28,1,True
Q017,S007,C006,2024-01-10,NLP Advanced Quiz,25,23,92.0,26,1,True
SQ0153,S007,C009,2024-01-04,Synthetic Mastery Check,22,21,94.0,26,1,True
SQ0154,S007,C010,2024-02-28,Synthetic Mastery Check,30,27,89.0,29,1,True
SQ0155,S007,C014,2024-03-28,Synthetic Mastery Check,23,20,88.0,24,2,True
SQ0156,S007,C018,2024-03-27,Synthetic Mastery Check,25,24,95.0,30,1,True
SQ0157,S007,C024,2024-03-25,Synthetic Mastery Check,29,24,82.0,30,2,True
Q018,S007,C025,2024-01-12,CF Algorithms Quiz,20,19,95.0,18,1,True
SQ0158,S007,C027,2024-01-27,Synthetic Mastery Check,27,21,77.0,20,1,True
SQ0159,S007,C028,2024-03-06,Synthetic Mastery Check,26,23,90.0,24,1,True
SQ0160,S007,C032,2024-03-13,Synthetic Mastery Check,28,27,95.0,32,2,True
SQ0161,S008,C002,2024-01-02,Synthetic Mastery Check,23,20,87.0,24,1,True
SQ0162,S008,C003,2024-01-13,Synthetic Mastery Check,25,22,87.0,32,2,True
SQ0163,S008,C005,2024-02-08,Synthetic Mastery Check,25,22,87.0,29,2,True
Q019,S008,C008,2024-01-28,Probability Quiz,20,14,70.0,22,1,True
Q020,S008,C009,2024-01-30,Matrix Operations Quiz,20,15,75.0,24,1,True
SQ0164,S008,C027,2024-02-24,Synthetic Mastery Check,25,23,91.0,27,1,True
SQ0165,S008,C029,2024-02-13,Synthetic Mastery Check,22,17,76.0,32,1,True
SQ0166,S008,C030,2024-01-12,Synthetic Mastery Check,23,21,93.0,22,1,True
SQ0167,S008,C033,2024-02-27,Synthetic Mastery Check,27,25,92.0,30,1,True
SQ0168,S009,C004,2024-01-11,Synthetic Mastery Check,22,20,89.0,23,1,True
SQ0169,S009,C005,2024-02-17,Synthetic Mastery Check,22,16,74.0,18,1,True
SQ0170,S009,C006,2024-02-27,Synthetic Mastery Check,24,21,87.0,29,2,True
Q021,S009,C008,2024-01-22,Distributions Quiz,25,19,76.0,25,1,True
SQ0171,S009,C013,2024-02-04,Synthetic Mastery Check,22,20,91.0,26,1,True
Q022,S009,C014,2024-01-24,Matplotlib Basics Quiz,15,12,80.0,15,1,True
SQ0172,S009,C015,2024-03-18,Synthetic Mastery Check,26,20,75.0,32,1,True
SQ0173,S009,C018,2024-02-27,Synthetic Mastery Check,27,20,74.0,27,1,True
SQ0174,S009,C025,2024-03-24,Synthetic Mastery Check,28,26,92.0,28,1,True
SQ0175,S009,C029,2024-01-11,Synthetic Mastery Check,26,22,83.0,22,2,True
Q023,S009,C031,2024-01-26,Pandas Fundamentals,20,16,80.0,20,1,True
SQ0176,S009,C033,2024-02-27,Synthetic Mastery Check,27,22,80.0,24,2,True
SQ0177,S010,C005,2024-03-18,Synthetic Mastery Check,20,17,84.0,20,1,True
SQ0178,S010,C009,2024-03-24,Synthetic Mastery Check,21,16,76.0,30,1,True
SQ0179,S010,C013,2024-02-27,Synthetic Mastery Check,24,21,88.0,22,2,True
Q025,S010,C015,2024-01-18,Tableau Basics Quiz,15,14,93.3,12,1,True
SQ0180,S010,C018,2024-01-29,Synthetic Mastery Check,22,18,83.0,35,1,True
SQ0181,S010,C021,2024-01-02,Synthetic Mastery Check,29,24,82.0,33,1,True
Q026,S010,C024,2024-01-20,Data Mining Quiz,25,21,84.0,28,1,True
Q024,S010,C027,2024-01-16,BI Concepts Quiz,20,17,85.0,18,1,True
SQ0182,S010,C029,2024-01-09,Synthetic Mastery Check,20,16,78.0,28,1,True
SQ0183,S010,C031,2024-01-27,Synthetic Mastery Check,26,22,84.0,21,1,True
Q027,S011,C001,2024-02-08,Python Basics Quiz,15,7,46.7,22,2,False
SQ0184,S011,C004,2024-03-10,Synthetic Mastery Check,27,25,93.0,31,2,True
SQ0185,S011,C011,2024-01-10,Synthetic Mastery Check,29,25,87.0,21,1,True
SQ0186,S011,C012,2024-02-19,Synthetic Mastery Check,24,20,84.0,33,1,True
SQ0187,S011,C016,2024-01-24,Synthetic Mastery Check,25,23,91.0,27,2,True
SQ0188,S011,C022,2024-02-10,Synthetic Mastery Check,21,16,74.0,29,2,True
SQ0189,S011,C023,2024-03-04,Synthetic Mastery Check,21,20,93.0,24,1,True
SQ0190,S011,C024,2024-01-31,Synthetic Mastery Check,22,19,88.0,27,1,True
SQ0191,S011,C027,2024-02-05,Synthetic Mastery Check,21,20,94.0,18,1,True
SQ0192,S011,C028,2024-03-26,Synthetic Mastery Check,30,23,77.0,30,2,True
SQ0193,S011,C029,2024-02-28,Synthetic Mastery Check,29,26,89.0,26,1,True
SQ0194,S011,C030,2024-02-18,Synthetic Mastery Check,25,24,94.0,27,2,True
SQ0195,S011,C031,2024-03-03,Synthetic Mastery Check,21,17,79.0,29,1,True
SQ0196,S011,C032,2024-02-26,Synthetic Mastery Check,29,21,73.0,18,1,True
SQ0197,S012,C001,2024-01-24,Synthetic Mastery Check,26,20,75.0,31,1,True
SQ0198,S012,C002,2024-02-09,Synthetic Mastery Check,25,20,81.0,19,1,True
Q028,S012,C004,2024-01-20,Supervised Learning Quiz,25,21,84.0,25,1,True
SQ0199,S012,C006,2024-01-09,Synthetic Mastery Check,27,22,83.0,25,2,True
SQ0200,S012,C007,2024-01-27,Synthetic Mastery Check,30,26,86.0,25,1,True
SQ0201,S012,C008,2024-03-19,Synthetic Mastery Check,23,17,75.0,27,2,True
SQ0202,S012,C009,2024-01-29,Synthetic Mastery Check,30,23,76.0,26,2,True
SQ0203,S012,C012,2024-03-08,Synthetic Mastery Check,27,23,85.0,23,1,True
Q030,S012,C013,2024-01-24,Spark Basics Quiz,20,15,75.0,28,1,True
SQ0204,S012,C018,2024-03-10,Synthetic Mastery Check,30,24,81.0,21,1,True
SQ0205,S012,C020,2024-03-17,Synthetic Mastery Check,26,24,92.0,19,2,True
SQ0206,S012,C026,2024-03-03,Synthetic Mastery Check,24,22,93.0,23,2,True
Q029,S012,C031,2024-01-22,NumPy Arrays Quiz,20,17,85.0,18,1,True
SQ0207,S012,C035,2024-01-04,Synthetic Mastery Check,22,17,77.0,33,1,True
Q031,S013,C001,2024-01-26,OOP in Python Quiz,20,14,70.0,20,1,True
SQ0208,S013,C005,2024-02-17,Synthetic Mastery Check,30,24,80.0,26,2,True
SQ0209,S013,C007,2024-03-01,Synthetic Mastery Check,28,22,78.0,29,1,True
Q032,S013,C018,2024-01-28,React Hooks Quiz,20,13,65.0,25,2,True
SQ0210,S013,C025,2024-03-16,Synthetic Mastery Check,22,16,73.0,30,2,True
SQ0211,S013,C026,2024-01-14,Synthetic Mastery Check,27,22,81.0,34,1,True
SQ0212,S014,C002,2024-03-19,Synthetic Mastery Check,29,27,92.0,22,1,True
SQ0213,S014,C004,2024-01-09,Synthetic Mastery Check,26,24,92.0,30,2,True
SQ0214,S014,C013,2024-02-10,Synthetic Mastery Check,29,23,78.0,24,2,True
SQ0215,S014,C018,2024-01-26,Synthetic Mastery Check,27,25,91.0,25,1,True
SQ0216,S014,C021,2024-03-27,Synthetic Mastery Check,20,17,84.0,30,1,True
Q033,S014,C022,2024-01-14,Security Basics Quiz,25,22,88.0,22,1,True
Q034,S014,C023,2024-01-16,Pentesting Quiz,30,25,83.3,35,1,True
SQ0217,S014,C025,2024-03-22,Synthetic Mastery Check,26,24,93.0,20,1,True
SQ0218,S014,C026,2024-01-12,Synthetic Mastery Check,20,17,85.0,22,1,True
SQ0219,S014,C031,2024-01-09,Synthetic Mastery Check,29,26,89.0,33,1,True
SQ0220,S014,C032,2024-02-27,Synthetic Mastery Check,23,17,73.0,34,1,True
Q035,S015,C001,2024-02-14,Python Intro Quiz,15,6,40.0,20,2,False
SQ0221,S015,C014,2024-01-11,Synthetic Mastery Check,25,20,79.0,28,2,True
SQ0222,S015,C018,2024-03-18,Synthetic Mastery Check,25,21,85.0,32,1,True
SQ0223,S015,C021,2024-02-08,Synthetic Mastery Check,29,25,85.0,27,2,True
SQ0224,S015,C025,2024-01-24,Synthetic Mastery Check,22,21,94.0,24,2,True
SQ0225,S015,C033,2024-03-02,Synthetic Mastery Check,23,20,87.0,27,2,True
SQ0226,S015,C035,2024-02-07,Synthetic Mastery Check,28,22,77.0,26,1,True
Q036,S016,C001,2024-02-01,Python Basics Quiz,20,13,65.0,20,1,True
SQ0227,S016,C004,2024-02-25,Synthetic Mastery Check,29,27,94.0,30,2,True
SQ0228,S016,C006,2024-01-02,Synthetic Mastery Check,27,25,92.0,27,1,True
SQ0229,S016,C014,2024-03-01,Synthetic Mastery Check,28,22,78.0,27,2,True
SQ0230,S016,C016,2024-01-20,Synthetic Mastery Check,27,21,76.0,28,1,True
Q037,S016,C017,2024-02-03,JavaScript Basics Quiz,20,14,70.0,22,1,True
SQ0231,S016,C027,2024-02-14,Synthetic Mastery Check,26,21,81.0,34,2,True
SQ0232,S016,C033,2024-03-18,Synthetic Mastery Check,23,20,87.0,33,2,True
SQ0233,S017,C001,2024-02-29,Synthetic Mastery Check,26,20,78.0,34,2,True
SQ0234,S017,C005,2024-01-17,Synthetic Mastery Check,25,19,75.0,29,2,True
SQ0235,S017,C008,2024-01-26,Synthetic Mastery Check,29,26,91.0,35,1,True
SQ0236,S017,C011,2024-02-07,Synthetic Mastery Check,26,19,74.0,21,1,True
SQ0237,S017,C014,2024-03-15,Synthetic Mastery Check,22,18,83.0,30,1,True
SQ0238,S017,C016,2024-02-06,Synthetic Mastery Check,21,17,79.0,19,2,True
SQ0239,S017,C017,2024-02-06,Synthetic Mastery Check,21,18,85.0,20,2,True
Q038,S017,C020,2024-01-12,AWS Services Quiz,25,22,88.0,25,1,True
Q039,S017,C021,2024-01-14,Docker Basics Quiz,20,17,85.0,22,1,True
SQ0240,S017,C028,2024-01-29,Synthetic Mastery Check,21,18,86.0,25,2,True
SQ0241,S017,C029,2024-02-23,Synthetic Mastery Check,24,22,93.0,20,1,True
SQ0242,S017,C030,2024-02-13,Synthetic Mastery Check,28,25,89.0,35,2,True
SQ0243,S017,C033,2024-01-26,Synthetic Mastery Check,23,18,80.0,22,1,True
SQ0244,S017,C035,2024-01-04,Synthetic Mastery Check,27,22,82.0,26,1,True
Q040,S018,C001,2024-02-12,Python Quiz,15,9,60.0,18,1,True
SQ0245,S018,C005,2024-02-29,Synthetic Mastery Check,20,17,85.0,19,1,True
SQ0246,S018,C006,2024-02-21,Synthetic Mastery Check,29,26,88.0,31,1,True
SQ0247,S018,C009,2024-02-09,Synthetic Mastery Check,30,25,83.0,23,1,True
SQ0248,S018,C018,2024-03-16,Synthetic Mastery Check,26,20,78.0,19,1,True
SQ0249,S018,C021,2024-01-06,Synthetic Mastery Check,26,22,86.0,33,1,True
SQ0250,S018,C030,2024-03-04,Synthetic Mastery Check,27,21,76.0,28,2,True
SQ0251,S018,C031,2024-02-14,Synthetic Mastery Check,21,19,89.0,35,2,True
Q041,S019,C004,2024-01-25,ML Algorithms Quiz,25,20,80.0,26,1,True
SQ0252,S019,C008,2024-02-24,Synthetic Mastery Check,28,24,87.0,23,1,True
SQ0253,S019,C013,2024-03-24,Synthetic Mastery Check,23,20,85.0,26,1,True
SQ0254,S019,C016,2024-03-04,Synthetic Mastery Check,24,21,88.0,30,1,True
SQ0255,S019,C017,2024-02-01,Synthetic Mastery Check,24,18,75.0,21,1,True
SQ0256,S019,C021,2024-02-18,Synthetic Mastery Check,21,19,89.0,22,1,True
SQ0257,S019,C026,2024-01-06,Synthetic Mastery Check,25,21,84.0,31,1,True
SQ0258,S019,C028,2024-01-26,Synthetic Mastery Check,29,21,74.0,29,2,True
SQ0259,S019,C030,2024-02-22,Synthetic Mastery Check,25,19,76.0,19,2,True
Q042,S019,C031,2024-01-27,Data Analysis Quiz,20,17,85.0,20,1,True
SQ0260,S019,C033,2024-03-13,Synthetic Mastery Check,21,17,81.0,21,1,True
SQ0261,S020,C003,2024-02-14,Synthetic Mastery Check,22,20,89.0,26,1,True
SQ0262,S020,C004,2024-03-10,Synthetic Mastery Check,23,21,92.0,26,1,True
SQ0263,S020,C005,2024-01-29,Synthetic Mastery Check,27,24,89.0,26,1,True
Q043,S020,C008,2024-01-28,Hypothesis Testing,25,18,72.0,28,1,True
Q044,S020,C009,2024-01-30,Linear Algebra Quiz,20,15,75.0,22,1,True
SQ0264,S020,C011,2024-03-10,Synthetic Mastery Check,25,24,95.0,32,2,True
SQ0265,S020,C014,2024-03-06,Synthetic Mastery Check,24,19,78.0,26,1,True
SQ0266,S020,C016,2024-03-19,Synthetic Mastery Check,25,22,87.0,19,2,True
SQ0267,S020,C017,2024-03-03,Synthetic Mastery Check,22,18,82.0,30,1,True
SQ0268,S020,C018,2024-02-05,Synthetic Mastery Check,24,21,89.0,29,2,True
SQ0269,S020,C023,2024-03-11,Synthetic Mastery Check,26,23,88.0,30,1,True
SQ0270,S020,C024,2024-02-04,Synthetic Mastery Check,27,20,75.0,30,1,True
SQ0271,S020,C030,2024-03-09,Synthetic Mastery Check,29,22,75.0,33,1,True
SQ0272,S020,C031,2024-01-23,Synthetic Mastery Check,24,23,94.0,33,1,True
SQ0273,S021,C001,2024-03-12,Synthetic Mastery Check,25,23,91.0,26,1,True
SQ0274,S021,C003,2024-03-24,Synthetic Mastery Check,24,19,80.0,21,1,True
Q045,S021,C005,2024-01-10,DL Advanced Quiz,30,28,93.3,30,1,True
Q046,S021,C006,2024-01-12,NLP Models Quiz,25,24,96.0,22,1,True
Q047,S021,C007,2024-01-14,Computer Vision Quiz,20,18,90.0,18,1,True
SQ0275,S021,C015,2024-01-21,Synthetic Mastery Check,21,15,73.0,29,1,True
SQ0276,S021,C018,2024-02-27,Synthetic Mastery Check,24,20,82.0,18,2,True
SQ0277,S021,C019,2024-03-15,Synthetic Mastery Check,29,22,75.0,34,1,True
SQ0278,S021,C023,2024-03-17,Synthetic Mastery Check,28,22,79.0,29,1,True
SQ0279,S021,C024,2024-03-27,Synthetic Mastery Check,29,21,74.0,33,1,True
SQ0280,S021,C030,2024-02-14,Synthetic Mastery Check,28,25,91.0,19,2,True
SQ0281,S021,C031,2024-03-28,Synthetic Mastery Check,28,22,78.0,31,1,True
SQ0282,S021,C035,2024-02-27,Synthetic Mastery Check,23,19,83.0,21,1,True
SQ0283,S022,C003,2024-02-19,Synthetic Mastery Check,28,24,86.0,29,2,True
SQ0284,S022,C004,2024-01-28,Synthetic Mastery Check,24,23,95.0,28,2,True
SQ0285,S022,C005,2024-02-24,Synthetic Mastery Check,30,22,73.0,29,1,True
SQ0286,S022,C006,2024-03-03,Synthetic Mastery Check,24,22,91.0,18,1,True
Q048,S022,C008,2024-02-16,Stats Basics Quiz,15,8,53.3,20,2,False
SQ0287,S022,C013,2024-02-28,Synthetic Mastery Check,29,23,80.0,32,1,True
SQ0288,S022,C014,2024-03-06,Synthetic Mastery Check,28,21,75.0,23,2,True
SQ0289,S022,C015,2024-03-02,Synthetic Mastery Check,24,20,82.0,30,2,True
SQ0290,S022,C017,2024-02-24,Synthetic Mastery Check,20,16,80.0,33,2,True
SQ0291,S022,C018,2024-02-02,Synthetic Mastery Check,28,22,78.0,29,1,True
SQ0292,S022,C019,2024-02-14,Synthetic Mastery Check,25,21,85.0,21,1,True
SQ0293,S022,C022,2024-03-17,Synthetic Mastery Check,30,23,78.0,20,1,True
SQ0294,S022,C023,2024-03-17,Synthetic Mastery Check,28,20,72.0,31,1,True
SQ0295,S022,C025,2024-01-23,Synthetic Mastery Check,22,16,74.0,31,1,True
SQ0296,S022,C030,2024-01-10,Synthetic Mastery Check,24,21,89.0,20,2,True
Q049,S023,C001,2024-02-03,Python OOP Quiz,20,14,70.0,22,1,True
SQ0297,S023,C014,2024-02-20,Synthetic Mastery Check,20,16,79.0,20,1,True
SQ0298,S023,C015,2024-02-14,Synthetic Mastery Check,25,18,73.0,31,1,True
SQ0299,S023,C016,2024-01-29,Synthetic Mastery Check,28,25,90.0,25,1,True
Q050,S023,C018,2024-02-05,React State Quiz,20,13,65.0,25,1,True
SQ0300,S023,C019,2024-01-21,Synthetic Mastery Check,21,17,81.0,25,2,True
SQ0301,S023,C022,2024-03-09,Synthetic Mastery Check,21,16,77.0,31,2,True
SQ0302,S023,C032,2024-02-02,Synthetic Mastery Check,29,26,91.0,34,1,True
SQ0303,S023,C035,2024-02-28,Synthetic Mastery Check,28,24,86.0,23,1,True
SQ0304,S024,C001,2024-01-04,Synthetic Mastery Check,25,22,89.0,25,2,True
SQ0305,S024,C003,2024-01-19,Synthetic Mastery Check,27,24,89.0,24,1,True
Q051,S024,C005,2024-01-06,Neural Nets Quiz,30,29,96.7,28,1,True
Q052,S024,C006,2024-01-08,NLP Advanced Quiz,25,24,96.0,24,1,True
SQ0306,S024,C010,2024-02-28,Synthetic Mastery Check,25,18,73.0,33,2,True
SQ0307,S024,C019,2024-02-12,Synthetic Mastery Check,30,27,91.0,33,1,True
SQ0308,S024,C022,2024-01-03,Synthetic Mastery Check,27,24,89.0,28,2,True
SQ0309,S024,C024,2024-01-29,Synthetic Mastery Check,25,18,73.0,30,1,True
Q053,S024,C025,2024-01-10,Hybrid Systems Quiz,20,19,95.0,18,1,True
SQ0310,S024,C026,2024-01-26,Synthetic Mastery Check,21,18,85.0,33,1,True
Q054,S025,C001,2024-02-18,Python Intro Quiz,15,8,53.3,18,2,False
SQ0311,S025,C004,2024-01-24,Synthetic Mastery Check,26,21,81.0,22,2,True
SQ0312,S025,C005,2024-01-22,Synthetic Mastery Check,21,16,76.0,22,1,True
SQ0313,S025,C008,2024-01-10,Synthetic Mastery Check,28,22,80.0,23,1,True
SQ0314,S025,C012,2024-03-01,Synthetic Mastery Check,24,20,82.0,21,1,True
SQ0315,S025,C017,2024-02-22,Synthetic Mastery Check,22,16,73.0,21,1,True
SQ0316,S025,C020,2024-03-09,Synthetic Mastery Check,21,19,90.0,22,1,True
SQ0317,S025,C022,2024-02-21,Synthetic Mastery Check,23,18,78.0,25,1,True
SQ0318,S025,C024,2024-03-27,Synthetic Mastery Check,24,22,91.0,18,1,True
SQ0319,S025,C027,2024-01-18,Synthetic Mastery Check,20,16,80.0,24,1,True
SQ0320,S025,C032,2024-02-28,Synthetic Mastery Check,29,27,92.0,31,1,True
SQ0321,S025,C035,2024-03-14,Synthetic Mastery Check,25,22,86.0,20,1,True
Q055,S026,C004,2024-01-22,ML Models Quiz,25,21,84.0,26,1,True
SQ0322,S026,C005,2024-02-22,Synthetic Mastery Check,22,18,80.0,22,2,True
SQ0323,S026,C007,2024-01-04,Synthetic Mastery Check,21,16,78.0,20,2,True
SQ0324,S026,C008,2024-01-27,Synthetic Mastery Check,21,18,85.0,34,1,True
Q056,S026,C014,2024-01-24,Visualization Quiz,15,13,86.7,14,1,True
SQ0325,S026,C027,2024-01-15,Synthetic Mastery Check,24,18,75.0,19,1,True
SQ0326,S026,C028,2024-01-22,Synthetic Mastery Check,22,19,85.0,26,1,True
SQ0327,S026,C033,2024-03-16,Synthetic Mastery Check,25,24,94.0,31,1,True
SQ0328,S026,C034,2024-02-25,Synthetic Mastery Check,29,26,88.0,28,2,True
Q057,S027,C001,2024-02-01,Python Advanced Quiz,20,15,75.0,20,1,True
Q058,S027,C003,2024-02-03,Trees and Graphs Quiz,25,18,72.0,30,1,True
SQ0329,S027,C004,2024-01-06,Synthetic Mastery Check,26,24,94.0,31,1,True
SQ0330,S027,C005,2024-03-23,Synthetic Mastery Check,29,26,89.0,18,1,True
SQ0331,S027,C010,2024-03-12,Synthetic Mastery Check,28,22,77.0,27,1,True
SQ0332,S027,C018,2024-02-06,Synthetic Mastery Check,20,19,93.0,34,2,True
SQ0333,S027,C029,2024-03-24,Synthetic Mastery Check,29,22,77.0,27,2,True
SQ0334,S027,C031,2024-03-27,Synthetic Mastery Check,24,21,88.0,24,2,True
SQ0335,S028,C001,2024-03-07,Synthetic Mastery Check,30,23,78.0,19,2,True
SQ0336,S028,C003,2024-01-13,Synthetic Mastery Check,25,23,93.0,25,1,True
SQ0337,S028,C016,2024-02-03,Synthetic Mastery Check,23,18,77.0,31,1,True
SQ0338,S028,C017,2024-01-19,Synthetic Mastery Check,23,17,76.0,25,2,True
Q059,S028,C022,2024-01-16,Network Security Quiz,25,22,88.0,24,1,True
Q060,S028,C023,2024-01-18,Vulnerability Quiz,25,21,84.0,30,1,True
SQ0339,S028,C030,2024-01-13,Synthetic Mastery Check,30,22,73.0,35,1,True
SQ0340,S028,C032,2024-03-10,Synthetic Mastery Check,28,25,91.0,18,1,True
SQ0341,S028,C034,2024-01-28,Synthetic Mastery Check,26,20,75.0,27,2,True
Q061,S029,C001,2024-02-22,Python Basics Quiz,10,4,40.0,15,2,False
SQ0342,S029,C004,2024-01-15,Synthetic Mastery Check,27,19,72.0,31,1,True
SQ0343,S029,C005,2024-02-23,Synthetic Mastery Check,20,15,74.0,34,1,True
SQ0344,S029,C006,2024-01-11,Synthetic Mastery Check,29,21,74.0,34,2,True
SQ0345,S029,C008,2024-03-07,Synthetic Mastery Check,22,20,92.0,20,2,True
SQ0346,S029,C009,2024-01-24,Synthetic Mastery Check,25,21,85.0,23,1,True
SQ0347,S029,C015,2024-02-20,Synthetic Mastery Check,23,19,82.0,28,1,True
SQ0348,S029,C019,2024-01-03,Synthetic Mastery Check,27,21,78.0,23,2,True
SQ0349,S029,C028,2024-03-01,Synthetic Mastery Check,22,18,84.0,19,2,True
SQ0350,S029,C032,2024-01-02,Synthetic Mastery Check,22,21,94.0,22,1,True
SQ0351,S029,C033,2024-02-05,Synthetic Mastery Check,30,27,91.0,25,1,True
SQ0352,S030,C001,2024-01-17,Synthetic Mastery Check,25,20,79.0,22,1,True
Q062,S030,C004,2024-01-26,Clustering Quiz,20,16,80.0,22,1,True
SQ0353,S030,C007,2024-03-20,Synthetic Mastery Check,24,18,75.0,19,2,True
SQ0354,S030,C008,2024-01-07,Synthetic Mastery Check,22,19,88.0,27,1,True
SQ0355,S030,C010,2024-02-17,Synthetic Mastery Check,29,22,76.0,23,1,True
SQ0356,S030,C014,2024-03-06,Synthetic Mastery Check,27,24,88.0,27,2,True
SQ0357,S030,C018,2024-02-11,Synthetic Mastery Check,23,21,91.0,35,1,True
SQ0358,S030,C023,2024-02-26,Synthetic Mastery Check,25,21,83.0,26,1,True
SQ0359,S030,C030,2024-03-24,Synthetic Mastery Check,28,22,80.0,22,1,True
Q063,S030,C031,2024-01-28,Pandas Quiz,20,17,85.0,18,1,True
SQ0360,S031,C006,2024-01-04,Synthetic Mastery Check,21,15,73.0,29,2,True
SQ0361,S031,C009,2024-03-19,Synthetic Mastery Check,29,24,82.0,31,1,True
SQ0362,S031,C010,2024-01-01,Synthetic Mastery Check,24,22,90.0,20,1,True
SQ0363,S031,C011,2024-03-26,Synthetic Mastery Check,22,17,78.0,25,1,True
SQ0364,S031,C012,2024-02-27,Synthetic Mastery Check,30,24,81.0,21,2,True
SQ0365,S031,C016,2024-03-27,Synthetic Mastery Check,28,24,86.0,19,1,True
Q064,S031,C020,2024-01-14,Cloud Architecture Quiz,25,22,88.0,25,1,True
Q065,S031,C021,2024-01-16,Kubernetes Quiz,25,21,84.0,28,1,True
SQ0366,S031,C025,2024-02-02,Synthetic Mastery Check,25,23,92.0,21,2,True
SQ0367,S031,C027,2024-01-25,Synthetic Mastery Check,25,18,73.0,32,1,True
SQ0368,S031,C030,2024-03-12,Synthetic Mastery Check,29,26,89.0,19,1,True
SQ0369,S031,C033,2024-03-25,Synthetic Mastery Check,27,22,82.0,32,1,True
SQ0370,S031,C035,2024-01-18,Synthetic Mastery Check,26,21,82.0,24,2,True
SQ0371,S032,C006,2024-03-09,Synthetic Mastery Check,20,18,92.0,32,1,True
Q066,S032,C008,2024-02-24,Probability Basics,15,9,60.0,18,1,True
SQ0372,S032,C010,2024-02-07,Synthetic Mastery Check,23,21,93.0,22,1,True
SQ0373,S032,C013,2024-03-05,Synthetic Mastery Check,22,16,75.0,33,1,True
SQ0374,S032,C015,2024-01-20,Synthetic Mastery Check,30,23,76.0,22,2,True
SQ0375,S032,C024,2024-03-10,Synthetic Mastery Check,25,22,89.0,26,2,True
SQ0376,S032,C035,2024-03-02,Synthetic Mastery Check,28,21,74.0,23,1,True
SQ0377,S033,C002,2024-01-11,Synthetic Mastery Check,26,22,84.0,19,1,True
Q067,S033,C004,2024-01-20,Regression Quiz,25,22,88.0,24,1,True
Q068,S033,C005,2024-01-22,RNN Architecture Quiz,25,21,84.0,28,1,True
SQ0378,S033,C006,2024-03-04,Synthetic Mastery Check,28,24,85.0,23,1,True
SQ0379,S033,C007,2024-01-11,Synthetic Mastery Check,21,20,94.0,30,1,True
SQ0380,S033,C011,2024-03-20,Synthetic Mastery Check,30,27,90.0,25,1,True
SQ0381,S033,C012,2024-01-18,Synthetic Mastery Check,27,21,76.0,28,1,True
SQ0382,S033,C016,2024-03-03,Synthetic Mastery Check,26,20,77.0,28,1,True
SQ0383,S033,C017,2024-01-25,Synthetic Mastery Check,22,16,75.0,26,2,True
SQ0384,S033,C021,2024-03-03,Synthetic Mastery Check,24,21,86.0,21,1,True
SQ0385,S033,C027,2024-03-01,Synthetic Mastery Check,24,18,76.0,29,1,True
SQ0386,S033,C032,2024-03-18,Synthetic Mastery Check,27,23,85.0,34,2,True
SQ0387,S034,C001,2024-02-23,Synthetic Mastery Check,28,22,78.0,25,1,True
SQ0388,S034,C006,2024-01-05,Synthetic Mastery Check,26,23,90.0,32,1,True
Q069,S034,C008,2024-01-28,Statistical Tests Quiz,20,14,70.0,22,1,True
SQ0389,S034,C009,2024-02-29,Synthetic Mastery Check,24,20,83.0,18,1,True
SQ0390,S034,C010,2024-03-12,Synthetic Mastery Check,21,18,86.0,24,1,True
SQ0391,S034,C013,2024-03-21,Synthetic Mastery Check,26,19,74.0,19,1,True
SQ0392,S034,C014,2024-01-08,Synthetic Mastery Check,23,18,78.0,20,1,True
SQ0393,S034,C018,2024-02-14,Synthetic Mastery Check,28,26,93.0,29,1,True
SQ0394,S034,C019,2024-02-15,Synthetic Mastery Check,30,26,88.0,26,1,True
SQ0395,S034,C020,2024-01-21,Synthetic Mastery Check,30,22,74.0,18,1,True
Q070,S034,C026,2024-01-30,Time Series Quiz,20,13,65.0,25,1,True
SQ0396,S034,C028,2024-01-23,Synthetic Mastery Check,30,25,83.0,32,1,True
SQ0397,S034,C033,2024-01-18,Synthetic Mastery Check,24,22,92.0,23,1,True
SQ0398,S035,C002,2024-03-01,Synthetic Mastery Check,26,20,78.0,21,2,True
SQ0399,S035,C007,2024-02-23,Synthetic Mastery Check,28,20,72.0,34,2,True
Q071,S035,C013,2024-01-16,Big Data Quiz,25,20,80.0,30,1,True
SQ0400,S035,C016,2024-01-16,Synthetic Mastery Check,29,26,90.0,30,2,True
SQ0401,S035,C020,2024-02-18,Synthetic Mastery Check,30,26,87.0,27,1,True
SQ0402,S035,C023,2024-01-04,Synthetic Mastery Check,29,22,76.0,34,1,True
SQ0403,S035,C028,2024-01-07,Synthetic Mastery Check,24,21,87.0,20,1,True
SQ0404,S035,C029,2024-02-09,Synthetic Mastery Check,29,23,81.0,26,2,True
Q072,S035,C030,2024-01-18,Data Warehouse Quiz,20,16,80.0,22,1,True
SQ0405,S035,C032,2024-02-08,Synthetic Mastery Check,21,16,78.0,19,1,True
Q073,S036,C001,2024-02-26,Python Variables Quiz,15,7,46.7,20,2,False
SQ0406,S036,C007,2024-02-23,Synthetic Mastery Check,28,22,80.0,33,1,True
SQ0407,S036,C009,2024-01-05,Synthetic Mastery Check,26,24,91.0,20,2,True
SQ0408,S036,C010,2024-02-26,Synthetic Mastery Check,23,19,81.0,19,1,True
SQ0409,S036,C016,2024-02-12,Synthetic Mastery Check,27,23,86.0,27,1,True
SQ0410,S036,C026,2024-02-08,Synthetic Mastery Check,26,23,90.0,22,1,True
SQ0411,S036,C032,2024-01-11,Synthetic Mastery Check,20,18,88.0,27,1,True
Q074,S037,C001,2024-02-03,Python Functions Quiz,20,15,75.0,18,1,True
SQ0412,S037,C002,2024-02-24,Synthetic Mastery Check,26,21,79.0,28,1,True
SQ0413,S037,C011,2024-02-01,Synthetic Mastery Check,21,16,75.0,23,2,True
SQ0414,S037,C015,2024-03-06,Synthetic Mastery Check,29,25,86.0,30,2,True
SQ0415,S037,C016,2024-02-06,Synthetic Mastery Check,23,20,85.0,22,1,True
Q075,S037,C018,2024-02-05,React Components Quiz,20,14,70.0,24,1,True
SQ0416,S037,C022,2024-03-12,Synthetic Mastery Check,29,21,73.0,27,1,True
SQ0417,S037,C025,2024-01-21,Synthetic Mastery Check,29,21,74.0,30,1,True
SQ0418,S037,C027,2024-03-03,Synthetic Mastery Check,27,20,74.0,18,2,True
SQ0419,S037,C030,2024-01-06,Synthetic Mastery Check,23,21,90.0,25,2,True
SQ0420,S038,C001,2024-01-27,Synthetic Mastery Check,20,15,73.0,31,2,True
SQ0421,S038,C002,2024-03-29,Synthetic Mastery Check,25,22,89.0,34,2,True
Q077,S038,C015,2024-01-16,Dashboard Design Quiz,15,14,93.3,12,1,True
SQ0422,S038,C017,2024-01-13,Synthetic Mastery Check,29,25,85.0,25,1,True
SQ0423,S038,C025,2024-02-24,Synthetic Mastery Check,27,25,94.0,28,1,True
Q076,S038,C027,2024-01-14,BI Metrics Quiz,20,18,90.0,18,1,True
SQ0424,S038,C032,2024-02-16,Synthetic Mastery Check,22,16,75.0,21,2,True
Q078,S039,C001,2024-02-28,Python Intro Quiz,15,8,53.3,20,2,False
SQ0425,S039,C004,2024-03-19,Synthetic Mastery Check,24,19,78.0,26,1,True
SQ0426,S039,C009,2024-03-19,Synthetic Mastery Check,24,22,92.0,26,2,True
SQ0427,S039,C016,2024-01-27,Synthetic Mastery Check,23,21,90.0,23,1,True
SQ0428,S039,C018,2024-03-23,Synthetic Mastery Check,20,15,74.0,32,1,True
SQ0429,S039,C021,2024-02-28,Synthetic Mastery Check,25,22,90.0,29,1,True
SQ0430,S039,C027,2024-02-15,Synthetic Mastery Check,24,23,95.0,20,1,True
SQ0431,S039,C031,2024-03-07,Synthetic Mastery Check,25,20,80.0,30,1,True
SQ0432,S040,C001,2024-03-05,Synthetic Mastery Check,22,17,76.0,32,1,True
Q079,S040,C004,2024-01-26,Classification Quiz,25,21,84.0,26,1,True
SQ0433,S040,C005,2024-01-19,Synthetic Mastery Check,22,20,89.0,23,1,True
SQ0434,S040,C010,2024-03-10,Synthetic Mastery Check,25,19,76.0,21,1,True
SQ0435,S040,C011,2024-01-11,Synthetic Mastery Check,21,19,92.0,28,1,True
SQ0436,S040,C012,2024-02-27,Synthetic Mastery Check,29,27,93.0,19,1,True
SQ0437,S040,C014,2024-01-03,Synthetic Mastery Check,28,21,76.0,30,1,True
SQ0438,S040,C016,2024-02-10,Synthetic Mastery Check,24,19,78.0,28,1,True
SQ0439,S040,C018,2024-03-02,Synthetic Mastery Check,23,22,94.0,22,2,True
SQ0440,S040,C019,2024-03-05,Synthetic Mastery Check,22,21,94.0,32,2,True
SQ0441,S040,C020,2024-01-30,Synthetic Mastery Check,25,19,75.0,25,1,True
SQ0442,S040,C021,2024-01-24,Synthetic Mastery Check,27,24,90.0,33,1,True
Q080,S040,C024,2024-01-28,Pattern Mining Quiz,20,17,85.0,22,1,True
SQ0443,S040,C032,2024-03-05,Synthetic Mastery Check,22,21,94.0,20,2,True
Q081,S041,C001,2024-02-01,Python OOP Quiz,20,14,70.0,22,1,True
Q082,S041,C003,2024-02-03,Sorting Algorithms,25,17,68.0,30,2,True
SQ0444,S041,C008,2024-03-14,Synthetic Mastery Check,25,23,92.0,26,2,True
SQ0445,S041,C009,2024-01-19,Synthetic Mastery Check,29,22,77.0,31,2,True
SQ0446,S041,C012,2024-02-04,Synthetic Mastery Check,27,25,92.0,30,1,True
SQ0447,S041,C016,2024-02-02,Synthetic Mastery Check,27,24,90.0,25,2,True
SQ0448,S041,C027,2024-01-28,Synthetic Mastery Check,28,26,94.0,28,1,True
SQ0449,S042,C001,2024-01-18,Synthetic Mastery Check,25,19,77.0,26,1,True
SQ0450,S042,C003,2024-01-15,Synthetic Mastery Check,21,19,91.0,27,2,True
Q083,S042,C005,2024-01-10,Deep Learning Quiz,30,27,90.0,28,1,True
Q084,S042,C006,2024-01-12,Transformers Quiz,25,22,88.0,26,1,True
Q085,S042,C007,2024-01-14,Image Processing Quiz,20,18,90.0,18,1,True
SQ0451,S042,C008,2024-03-28,Synthetic Mastery Check,30,28,94.0,26,2,True
SQ0452,S042,C009,2024-02-14,Synthetic Mastery Check,25,22,87.0,30,2,True
SQ0453,S042,C010,2024-03-27,Synthetic Mastery Check,22,18,81.0,35,2,True
SQ0454,S042,C011,2024-01-04,Synthetic Mastery Check,21,17,83.0,20,1,True
SQ0455,S042,C017,2024-03-08,Synthetic Mastery Check,29,25,86.0,18,1,True
SQ0456,S042,C021,2024-03-02,Synthetic Mastery Check,27,22,83.0,23,1,True
SQ0457,S042,C025,2024-01-06,Synthetic Mastery Check,21,16,74.0,20,1,True
SQ0458,S042,C026,2024-03-05,Synthetic Mastery Check,30,22,72.0,28,1,True
SQ0459,S042,C029,2024-01-31,Synthetic Mastery Check,28,23,82.0,19,1,True
SQ0460,S042,C030,2024-02-02,Synthetic Mastery Check,21,15,73.0,24,1,True
SQ0461,S042,C032,2024-01-23,Synthetic Mastery Check,30,28,92.0,34,2,True
SQ0462,S042,C035,2024-01-04,Synthetic Mastery Check,21,16,77.0,23,1,True
Q086,S043,C001,2024-03-04,Python Basics Quiz,10,4,40.0,18,2,False
SQ0463,S043,C006,2024-02-10,Synthetic Mastery Check,24,23,94.0,30,2,True
SQ0464,S043,C015,2024-02-03,Synthetic Mastery Check,23,19,84.0,34,1,True
SQ0465,S043,C018,2024-01-24,Synthetic Mastery Check,21,16,77.0,25,1,True
SQ0466,S043,C023,2024-03-07,Synthetic Mastery Check,25,19,76.0,33,2,True
SQ0467,S043,C025,2024-01-08,Synthetic Mastery Check,30,25,84.0,31,1,True
SQ0468,S043,C028,2024-01-10,Synthetic Mastery Check,24,20,84.0,22,1,True
SQ0469,S043,C029,2024-03-03,Synthetic Mastery Check,27,21,78.0,33,1,True
SQ0470,S043,C034,2024-01-22,Synthetic Mastery Check,27,20,73.0,23,1,True
Q087,S044,C008,2024-01-26,Descriptive Stats Quiz,20,15,75.0,20,1,True
Q088,S044,C009,2024-01-28,Eigenvectors Quiz,20,14,70.0,24,1,True
SQ0471,S044,C010,2024-02-15,Synthetic Mastery Check,23,18,77.0,32,2,True
SQ0472,S044,C017,2024-03-20,Synthetic Mastery Check,25,22,90.0,35,1,True
SQ0473,S044,C025,2024-01-26,Synthetic Mastery Check,27,23,86.0,29,1,True
SQ0474,S044,C026,2024-03-24,Synthetic Mastery Check,22,19,85.0,29,1,True
SQ0475,S044,C034,2024-03-11,Synthetic Mastery Check,23,18,80.0,22,2,True
SQ0476,S045,C001,2024-01-24,Synthetic Mastery Check,28,25,90.0,22,2,True
SQ0477,S045,C007,2024-02-20,Synthetic Mastery Check,28,26,92.0,32,1,True
SQ0478,S045,C016,2024-01-29,Synthetic Mastery Check,21,17,82.0,35,2,True
Q089,S045,C022,2024-01-14,Encryption Quiz,25,22,88.0,22,1,True
Q090,S045,C023,2024-01-16,Security Audit Quiz,30,25,83.3,35,1,True
SQ0479,S045,C024,2024-01-28,Synthetic Mastery Check,25,20,78.0,35,1,True
SQ0480,S045,C034,2024-02-29,Synthetic Mastery Check,25,18,74.0,26,1,True
SQ0481,S046,C004,2024-01-24,Synthetic Mastery Check,21,16,76.0,22,2,True
Q091,S046,C008,2024-02-14,Statistics Quiz,15,9,60.0,18,1,True
SQ0482,S046,C014,2024-02-21,Synthetic Mastery Check,29,26,88.0,24,2,True
SQ0483,S046,C017,2024-01-11,Synthetic Mastery Check,24,23,94.0,30,1,True
SQ0484,S046,C022,2024-01-29,Synthetic Mastery Check,25,24,94.0,30,2,True
SQ0485,S046,C025,2024-01-05,Synthetic Mastery Check,30,22,73.0,27,1,True
SQ0486,S046,C028,2024-01-04,Synthetic Mastery Check,23,17,76.0,28,1,True
SQ0487,S046,C034,2024-03-25,Synthetic Mastery Check,24,18,73.0,19,2,True
SQ0488,S047,C005,2024-02-21,Synthetic Mastery Check,27,21,76.0,30,2,True
SQ0489,S047,C008,2024-01-13,Synthetic Mastery Check,27,24,90.0,32,1,True
SQ0490,S047,C009,2024-03-19,Synthetic Mastery Check,25,21,84.0,19,1,True
SQ0491,S047,C010,2024-01-24,Synthetic Mastery Check,24,20,83.0,27,1,True
SQ0492,S047,C012,2024-02-21,Synthetic Mastery Check,24,23,94.0,29,2,True
SQ0493,S047,C016,2024-03-25,Synthetic Mastery Check,30,22,73.0,21,2,True
Q092,S047,C020,2024-01-18,Lambda Functions Quiz,20,17,85.0,20,1,True
Q093,S047,C021,2024-01-20,CI/CD Pipeline Quiz,20,16,80.0,25,1,True
SQ0494,S047,C027,2024-01-04,Synthetic Mastery Check,20,18,89.0,25,1,True
SQ0495,S047,C028,2024-03-19,Synthetic Mastery Check,27,24,89.0,34,1,True
SQ0496,S047,C035,2024-03-26,Synthetic Mastery Check,30,23,76.0,26,2,True
Q094,S048,C004,2024-01-28,Feature Selection Quiz,20,15,75.0,22,1,True
SQ0497,S048,C009,2024-02-19,Synthetic Mastery Check,25,18,74.0,30,1,True
SQ0498,S048,C013,2024-01-26,Synthetic Mastery Check,22,18,81.0,34,1,True
Q095,S048,C014,2024-01-30,Seaborn Basics Quiz,15,13,86.7,14,1,True
SQ0499,S048,C016,2024-02-10,Synthetic Mastery Check,25,22,89.0,25,1,True
SQ0500,S048,C018,2024-01-29,Synthetic Mastery Check,29,26,91.0,26,1,True
SQ0501,S048,C023,2024-02-08,Synthetic Mastery Check,28,24,86.0,30,2,True
SQ0502,S048,C035,2024-02-14,Synthetic Mastery Check,22,19,86.0,34,1,True
SQ0503,S049,C003,2024-03-04,Synthetic Mastery Check,26,20,75.0,26,1,True
Q096,S049,C005,2024-01-12,CNN Quiz,30,26,86.7,30,1,True
SQ0504,S049,C012,2024-02-21,Synthetic Mastery Check,27,22,80.0,22,2,True
SQ0505,S049,C017,2024-03-25,Synthetic Mastery Check,29,24,82.0,32,1,True
SQ0506,S049,C020,2024-03-02,Synthetic Mastery Check,24,21,86.0,23,1,True
SQ0507,S049,C023,2024-02-04,Synthetic Mastery Check,22,16,75.0,23,1,True
Q097,S049,C025,2024-01-14,Content Filtering Quiz,20,18,90.0,20,1,True
SQ0508,S049,C028,2024-02-01,Synthetic Mastery Check,29,24,84.0,30,1,True
SQ0509,S049,C032,2024-03-24,Synthetic Mastery Check,27,26,95.0,22,2,True
SQ0510,S049,C033,2024-02-25,Synthetic Mastery Check,21,18,87.0,31,1,True
Q098,S050,C001,2024-03-06,Python Intro Quiz,15,7,46.7,20,2,False
SQ0511,S050,C003,2024-01-21,Synthetic Mastery Check,26,22,83.0,22,1,True
SQ0512,S050,C004,2024-01-30,Synthetic Mastery Check,20,18,91.0,32,2,True
SQ0513,S050,C005,2024-01-30,Synthetic Mastery Check,30,26,86.0,26,1,True
Q099,S050,C008,2024-03-08,Basic Stats Quiz,15,8,53.3,18,1,False
SQ0514,S050,C020,2024-01-21,Synthetic Mastery Check,24,22,90.0,19,1,True
SQ0515,S050,C025,2024-02-24,Synthetic Mastery Check,29,23,81.0,20,2,True
SQ0516,S050,C027,2024-02-06,Synthetic Mastery Check,26,24,93.0,34,1,True
SQ0517,S050,C029,2024-03-21,Synthetic Mastery Check,28,21,75.0,24,1,True
SQ0518,S050,C031,2024-02-03,Synthetic Mastery Check,21,16,77.0,32,2,True
SQ0519,S050,C035,2024-01-06,Synthetic Mastery Check,23,18,79.0,30,2,True
SQ0520,S051,C006,2024-03-31,Synthetic Mastery Check,28,23,81.0,34,1,True
SQ0521,S051,C007,2024-03-31,Synthetic Mastery Check,23,19,84.0,25,1,True
SQ0522,S051,C008,2024-03-31,Synthetic Mastery Check,21,18,87.0,18,2,True
SQ0523,S051,C014,2024-03-31,Synthetic Mastery Check,27,21,78.0,34,1,True
SQ0524,S051,C017,2024-03-31,Synthetic Mastery Check,20,16,82.0,24,2,True
SQ0525,S051,C020,2024-03-31,Synthetic Mastery Check,25,19,76.0,32,2,True
SQ0526,S051,C031,2024-03-31,Synthetic Mastery Check,21,17,81.0,19,1,True
SQ0527,S052,C008,2024-01-17,Synthetic Mastery Check,26,24,94.0,32,1,True
SQ0528,S052,C011,2024-01-19,Synthetic Mastery Check,22,19,86.0,31,1,True
SQ0529,S052,C014,2024-01-26,Synthetic Mastery Check,27,20,75.0,31,1,True
SQ0530,S052,C019,2024-02-03,Synthetic Mastery Check,28,24,87.0,34,1,True
SQ0531,S052,C030,2024-02-17,Synthetic Mastery Check,26,20,76.0,25,1,True
SQ0532,S053,C002,2024-01-10,Synthetic Mastery Check,30,24,81.0,35,1,True
SQ0533,S053,C012,2024-02-21,Synthetic Mastery Check,29,23,79.0,18,1,True
SQ0534,S053,C015,2024-02-08,Synthetic Mastery Check,25,22,89.0,33,2,True
SQ0535,S053,C018,2024-02-13,Synthetic Mastery Check,23,21,93.0,23,1,True
SQ0536,S053,C021,2024-03-13,Synthetic Mastery Check,25,20,82.0,28,1,True
SQ0537,S053,C022,2024-03-09,Synthetic Mastery Check,21,18,86.0,28,1,True
SQ0538,S053,C024,2024-01-06,Synthetic Mastery Check,25,24,94.0,32,1,True
SQ0539,S053,C032,2024-01-01,Synthetic Mastery Check,24,18,73.0,34,2,True
SQ0540,S054,C002,2024-02-03,Synthetic Mastery Check,23,19,84.0,21,2,True
SQ0541,S054,C005,2024-01-06,Synthetic Mastery Check,25,23,92.0,29,1,True
SQ0542,S054,C009,2024-01-21,Synthetic Mastery Check,22,21,94.0,19,1,True
SQ0543,S054,C011,2024-03-09,Synthetic Mastery Check,27,21,79.0,20,2,True
SQ0544,S054,C012,2024-02-24,Synthetic Mastery Check,26,20,76.0,25,1,True
SQ0545,S054,C013,2024-01-03,Synthetic Mastery Check,30,24,79.0,19,1,True
SQ0546,S054,C015,2024-03-05,Synthetic Mastery Check,25,24,95.0,20,1,True
SQ0547,S054,C024,2024-02-29,Synthetic Mastery Check,23,17,76.0,27,1,True
SQ0548,S054,C025,2024-03-11,Synthetic Mastery Check,24,23,94.0,28,2,True
SQ0549,S054,C031,2024-02-23,Synthetic Mastery Check,26,19,72.0,20,1,True
SQ0550,S054,C034,2024-01-02,Synthetic Mastery Check,26,23,90.0,25,1,True
SQ0551,S055,C001,2024-03-16,Synthetic Mastery Check,22,17,76.0,29,1,True
SQ0552,S055,C008,2024-01-16,Synthetic Mastery Check,29,24,84.0,22,2,True
SQ0553,S055,C010,2024-01-28,Synthetic Mastery Check,29,26,89.0,32,2,True
SQ0554,S055,C012,2024-02-22,Synthetic Mastery Check,22,18,80.0,31,1,True
SQ0555,S055,C013,2024-03-23,Synthetic Mastery Check,27,24,89.0,18,1,True
SQ0556,S055,C016,2024-01-22,Synthetic Mastery Check,28,25,88.0,22,1,True
SQ0557,S055,C017,2024-01-19,Synthetic Mastery Check,25,21,83.0,22,1,True
SQ0558,S055,C026,2024-01-10,Synthetic Mastery Check,29,23,79.0,23,1,True
SQ0559,S055,C029,2024-01-07,Synthetic Mastery Check,29,24,82.0,27,1,True
SQ0560,S055,C033,2024-03-07,Synthetic Mastery Check,25,22,88.0,19,2,True
SQ0561,S055,C035,2024-01-03,Synthetic Mastery Check,25,24,95.0,20,1,True
SQ0562,S056,C011,2024-02-09,Synthetic Mastery Check,23,19,83.0,33,2,True
SQ0563,S056,C018,2024-01-25,Synthetic Mastery Check,25,23,93.0,28,1,True
SQ0564,S056,C020,2024-03-22,Synthetic Mastery Check,29,25,85.0,35,1,True
SQ0565,S056,C026,2024-01-26,Synthetic Mastery Check,22,20,90.0,31,1,True
SQ0566,S056,C027,2024-01-24,Synthetic Mastery Check,25,24,94.0,23,2,True
SQ0567,S056,C028,2024-02-25,Synthetic Mastery Check,29,26,88.0,24,1,True
SQ0568,S056,C030,2024-02-01,Synthetic Mastery Check,22,19,85.0,26,2,True
SQ0569,S056,C034,2024-01-30,Synthetic Mastery Check,22,17,79.0,26,1,True
SQ0570,S057,C005,2024-03-23,Synthetic Mastery Check,26,21,79.0,21,1,True
SQ0571,S057,C013,2024-01-07,Synthetic Mastery Check,24,20,84.0,25,1,True
SQ0572,S057,C014,2024-01-31,Synthetic Mastery Check,27,23,87.0,34,2,True
SQ0573,S057,C015,2024-03-04,Synthetic Mastery Check,22,16,75.0,20,1,True
SQ0574,S057,C017,2024-03-14,Synthetic Mastery Check,30,26,87.0,32,2,True
SQ0575,S057,C020,2024-03-12,Synthetic Mastery Check,21,17,83.0,34,1,True
SQ0576,S057,C029,2024-03-09,Synthetic Mastery Check,24,18,75.0,30,1,True
SQ0577,S057,C030,2024-02-22,Synthetic Mastery Check,22,18,82.0,18,2,True
SQ0578,S057,C035,2024-02-25,Synthetic Mastery Check,29,23,78.0,31,1,True
SQ0579,S058,C013,2024-02-19,Synthetic Mastery Check,26,24,93.0,23,1,True
SQ0580,S058,C015,2024-02-28,Synthetic Mastery Check,29,25,85.0,21,1,True
SQ0581,S058,C021,2024-02-10,Synthetic Mastery Check,30,22,74.0,31,1,True
SQ0582,S058,C023,2024-02-27,Synthetic Mastery Check,23,18,77.0,30,2,True
SQ0583,S058,C025,2024-02-17,Synthetic Mastery Check,20,14,72.0,24,1,True
SQ0584,S058,C028,2024-03-03,Synthetic Mastery Check,23,18,80.0,31,2,True
SQ0585,S058,C029,2024-03-27,Synthetic Mastery Check,28,26,94.0,20,1,True
SQ0586,S059,C001,2024-01-05,Synthetic Mastery Check,24,20,85.0,18,1,True
SQ0587,S059,C014,2024-01-23,Synthetic Mastery Check,24,20,84.0,32,2,True
SQ0588,S059,C021,2024-03-03,Synthetic Mastery Check,22,19,85.0,18,1,True
SQ0589,S059,C025,2024-03-14,Synthetic Mastery Check,28,21,74.0,26,1,True
SQ0590,S059,C028,2024-02-06,Synthetic Mastery Check,29,27,92.0,21,2,True
SQ0591,S060,C008,2024-02-01,Synthetic Mastery Check,21,20,95.0,25,2,True
SQ0592,S060,C009,2024-02-29,Synthetic Mastery Check,22,18,82.0,32,2,True
SQ0593,S060,C014,2024-01-04,Synthetic Mastery Check,24,19,79.0,27,2,True
SQ0594,S060,C022,2024-02-12,Synthetic Mastery Check,28,24,86.0,34,1,True
SQ0595,S060,C023,2024-01-14,Synthetic Mastery Check,28,25,88.0,29,1,True
SQ0596,S060,C025,2024-01-23,Synthetic Mastery Check,24,20,84.0,19,1,True
SQ0597,S060,C029,2024-03-25,Synthetic Mastery Check,21,18,85.0,27,1,True
SQ0598,S060,C032,2024-01-30,Synthetic Mastery Check,25,21,84.0,29,1,True
SQ0599,S061,C009,2024-02-14,Synthetic Mastery Check,26,22,83.0,28,2,True
SQ0600,S061,C012,2024-03-13,Synthetic Mastery Check,26,23,90.0,27,1,True
SQ0601,S061,C013,2024-01-27,Synthetic Mastery Check,28,21,75.0,23,1,True
SQ0602,S061,C022,2024-01-04,Synthetic Mastery Check,25,23,92.0,24,1,True
SQ0603,S061,C028,2024-01-29,Synthetic Mastery Check,26,23,87.0,27,2,True
SQ0604,S061,C034,2024-02-11,Synthetic Mastery Check,30,22,73.0,28,2,True
SQ0605,S062,C001,2024-01-07,Synthetic Mastery Check,26,20,75.0,27,1,True
SQ0606,S062,C009,2024-01-28,Synthetic Mastery Check,22,18,80.0,35,1,True
SQ0607,S062,C011,2024-01-30,Synthetic Mastery Check,27,20,74.0,22,1,True
SQ0608,S062,C015,2024-01-01,Synthetic Mastery Check,29,26,88.0,34,1,True
SQ0609,S062,C016,2024-02-29,Synthetic Mastery Check,25,23,91.0,35,2,True
SQ0610,S062,C026,2024-01-04,Synthetic Mastery Check,29,26,88.0,21,1,True
SQ0611,S062,C032,2024-03-14,Synthetic Mastery Check,30,24,79.0,23,1,True
SQ0612,S062,C033,2024-01-13,Synthetic Mastery Check,27,23,87.0,20,1,True
SQ0613,S062,C035,2024-03-17,Synthetic Mastery Check,30,23,77.0,33,1,True
SQ0614,S063,C001,2024-01-02,Synthetic Mastery Check,30,24,80.0,30,1,True
SQ0615,S063,C003,2024-03-01,Synthetic Mastery Check,23,19,82.0,23,1,True
SQ0616,S063,C004,2024-01-17,Synthetic Mastery Check,28,24,85.0,30,1,True
SQ0617,S063,C005,2024-01-28,Synthetic Mastery Check,22,20,93.0,23,1,True
SQ0618,S063,C007,2024-03-10,Synthetic Mastery Check,23,19,81.0,27,1,True
SQ0619,S063,C021,2024-02-16,Synthetic Mastery Check,28,26,94.0,21,1,True
SQ0620,S063,C023,2024-02-19,Synthetic Mastery Check,23,17,76.0,25,1,True
SQ0621,S063,C025,2024-01-09,Synthetic Mastery Check,26,20,75.0,27,1,True
SQ0622,S063,C034,2024-03-09,Synthetic Mastery Check,26,23,90.0,22,2,True
SQ0623,S064,C001,2024-02-17,Synthetic Mastery Check,25,19,76.0,20,2,True
SQ0624,S064,C002,2024-01-12,Synthetic Mastery Check,27,24,89.0,25,1,True
SQ0625,S064,C003,2024-01-17,Synthetic Mastery Check,29,24,83.0,21,2,True
SQ0626,S064,C004,2024-01-09,Synthetic Mastery Check,24,20,84.0,25,2,True
SQ0627,S064,C007,2024-03-22,Synthetic Mastery Check,28,24,85.0,19,1,True
SQ0628,S064,C012,2024-02-03,Synthetic Mastery Check,22,21,95.0,35,1,True
SQ0629,S064,C013,2024-02-02,Synthetic Mastery Check,25,19,77.0,22,1,True
SQ0630,S064,C014,2024-02-14,Synthetic Mastery Check,25,19,76.0,27,2,True
SQ0631,S064,C015,2024-01-20,Synthetic Mastery Check,30,25,82.0,32,1,True
SQ0632,S064,C016,2024-01-11,Synthetic Mastery Check,21,20,94.0,33,2,True
SQ0633,S064,C019,2024-01-21,Synthetic Mastery Check,26,24,92.0,20,1,True
SQ0634,S064,C022,2024-02-25,Synthetic Mastery Check,28,25,90.0,20,1,True
SQ0635,S064,C027,2024-01-14,Synthetic Mastery Check,24,18,75.0,31,2,True
SQ0636,S064,C028,2024-01-03,Synthetic Mastery Check,29,24,84.0,24,2,True
SQ0637,S064,C030,2024-01-14,Synthetic Mastery Check,26,22,85.0,34,1,True
SQ0638,S064,C031,2024-01-16,Synthetic Mastery Check,21,16,75.0,27,2,True
SQ0639,S064,C035,2024-01-03,Synthetic Mastery Check,23,21,92.0,25,1,True
SQ0640,S065,C001,2024-02-16,Synthetic Mastery Check,29,21,73.0,34,1,True
SQ0641,S065,C008,2024-03-20,Synthetic Mastery Check,25,22,90.0,20,1,True
SQ0642,S065,C010,2024-03-20,Synthetic Mastery Check,22,17,77.0,21,1,True
SQ0643,S065,C014,2024-03-20,Synthetic Mastery Check,22,19,88.0,29,1,True
SQ0644,S065,C017,2024-02-29,Synthetic Mastery Check,22,20,91.0,21,1,True
SQ0645,S065,C023,2024-02-18,Synthetic Mastery Check,20,18,88.0,19,2,True
SQ0646,S065,C033,2024-01-23,Synthetic Mastery Check,27,24,89.0,33,1,True
SQ0647,S065,C034,2024-01-24,Synthetic Mastery Check,21,20,93.0,20,1,True
SQ0648,S066,C007,2024-03-05,Synthetic Mastery Check,23,21,93.0,20,2,True
SQ0649,S066,C009,2024-02-01,Synthetic Mastery Check,23,19,82.0,22,2,True
SQ0650,S066,C012,2024-03-19,Synthetic Mastery Check,25,24,94.0,27,1,True
SQ0651,S066,C016,2024-03-03,Synthetic Mastery Check,26,24,94.0,33,2,True
SQ0652,S066,C018,2024-03-23,Synthetic Mastery Check,24,18,74.0,29,2,True
SQ0653,S066,C022,2024-01-26,Synthetic Mastery Check,22,21,94.0,31,2,True
SQ0654,S066,C023,2024-02-16,Synthetic Mastery Check,27,22,80.0,25,1,True
SQ0655,S066,C035,2024-03-24,Synthetic Mastery Check,27,25,92.0,32,2,True
SQ0656,S067,C007,2024-02-08,Synthetic Mastery Check,21,20,94.0,29,2,True
SQ0657,S067,C010,2024-02-01,Synthetic Mastery Check,24,22,92.0,30,2,True
SQ0658,S067,C022,2024-01-05,Synthetic Mastery Check,30,26,88.0,20,1,True
SQ0659,S067,C026,2024-02-09,Synthetic Mastery Check,21,20,93.0,31,2,True
SQ0660,S067,C027,2024-01-17,Synthetic Mastery Check,28,26,92.0,20,1,True
SQ0661,S067,C028,2024-02-06,Synthetic Mastery Check,23,21,91.0,25,1,True
SQ0662,S067,C030,2024-01-02,Synthetic Mastery Check,20,16,80.0,34,1,True
SQ0663,S067,C031,2024-01-03,Synthetic Mastery Check,23,22,95.0,22,2,True
SQ0664,S067,C033,2024-02-07,Synthetic Mastery Check,25,20,79.0,21,1,True
SQ0665,S067,C035,2024-01-23,Synthetic Mastery Check,25,22,87.0,19,2,True
SQ0666,S068,C010,2024-03-04,Synthetic Mastery Check,24,21,88.0,34,1,True
SQ0667,S068,C013,2024-01-17,Synthetic Mastery Check,24,18,77.0,24,2,True
SQ0668,S068,C016,2024-01-16,Synthetic Mastery Check,27,22,81.0,31,2,True
SQ0669,S068,C031,2024-03-23,Synthetic Mastery Check,26,22,85.0,18,1,True
SQ0670,S068,C032,2024-03-22,Synthetic Mastery Check,28,22,78.0,27,1,True
SQ0671,S068,C034,2024-01-23,Synthetic Mastery Check,27,25,92.0,22,1,True
SQ0672,S069,C011,2024-02-10,Synthetic Mastery Check,21,18,85.0,27,1,True
SQ0673,S069,C017,2024-03-02,Synthetic Mastery Check,26,21,82.0,20,2,True
SQ0674,S069,C020,2024-01-11,Synthetic Mastery Check,23,21,90.0,29,2,True
SQ0675,S069,C021,2024-03-08,Synthetic Mastery Check,28,22,80.0,19,1,True
SQ0676,S069,C024,2024-01-28,Synthetic Mastery Check,24,18,75.0,33,2,True
SQ0677,S069,C027,2024-01-24,Synthetic Mastery Check,23,19,84.0,26,1,True
SQ0678,S069,C033,2024-02-20,Synthetic Mastery Check,23,21,91.0,23,1,True
SQ0679,S069,C035,2024-02-16,Synthetic Mastery Check,27,22,82.0,19,1,True
SQ0680,S070,C002,2024-02-18,Synthetic Mastery Check,28,20,72.0,28,1,True
SQ0681,S070,C014,2024-01-01,Synthetic Mastery Check,28,24,85.0,33,2,True
SQ0682,S070,C016,2024-01-08,Synthetic Mastery Check,23,20,85.0,24,1,True
SQ0683,S070,C019,2024-02-01,Synthetic Mastery Check,21,18,84.0,28,1,True
SQ0684,S070,C030,2024-01-07,Synthetic Mastery Check,22,21,94.0,21,1,True
SQ0685,S070,C031,2024-01-22,Synthetic Mastery Check,30,22,72.0,33,1,True
SQ0686,S070,C035,2024-03-11,Synthetic Mastery Check,21,16,75.0,21,1,True
SQ0687,S071,C006,2024-02-22,Synthetic Mastery Check,25,21,83.0,24,1,True
SQ0688,S071,C007,2024-02-21,Synthetic Mastery Check,24,22,91.0,18,1,True
SQ0689,S071,C009,2024-02-16,Synthetic Mastery Check,28,23,82.0,28,1,True
SQ0690,S071,C012,2024-03-21,Synthetic Mastery Check,24,23,94.0,21,1,True
SQ0691,S071,C014,2024-03-18,Synthetic Mastery Check,24,21,89.0,26,1,True
SQ0692,S071,C021,2024-01-04,Synthetic Mastery Check,22,19,86.0,32,1,True
SQ0693,S071,C023,2024-02-15,Synthetic Mastery Check,25,23,93.0,22,2,True
SQ0694,S071,C028,2024-02-08,Synthetic Mastery Check,23,17,75.0,20,1,True
SQ0695,S071,C032,2024-02-21,Synthetic Mastery Check,20,18,92.0,31,2,True
SQ0696,S072,C005,2024-01-24,Synthetic Mastery Check,28,21,74.0,28,2,True
SQ0697,S072,C015,2024-01-22,Synthetic Mastery Check,21,17,83.0,33,2,True
SQ0698,S072,C016,2024-03-01,Synthetic Mastery Check,26,24,94.0,33,1,True
SQ0699,S072,C017,2024-01-26,Synthetic Mastery Check,20,15,74.0,34,2,True
SQ0700,S072,C021,2024-02-12,Synthetic Mastery Check,24,21,86.0,19,2,True
SQ0701,S072,C024,2024-02-08,Synthetic Mastery Check,22,18,82.0,34,1,True
SQ0702,S072,C032,2024-03-15,Synthetic Mastery Check,25,21,85.0,20,1,True
SQ0703,S072,C033,2024-01-16,Synthetic Mastery Check,24,22,90.0,29,1,True
SQ0704,S072,C034,2024-02-12,Synthetic Mastery Check,28,26,93.0,23,1,True
SQ0705,S072,C035,2024-03-08,Synthetic Mastery Check,20,18,90.0,32,1,True
SQ0706,S073,C005,2024-01-14,Synthetic Mastery Check,25,22,89.0,24,1,True
SQ0707,S073,C006,2024-02-16,Synthetic Mastery Check,28,25,89.0,27,1,True
SQ0708,S073,C010,2024-02-23,Synthetic Mastery Check,22,20,89.0,27,1,True
SQ0709,S073,C011,2024-02-17,Synthetic Mastery Check,27,23,84.0,22,1,True
SQ0710,S073,C012,2024-01-11,Synthetic Mastery Check,23,20,88.0,21,1,True
SQ0711,S073,C014,2024-01-22,Synthetic Mastery Check,21,18,85.0,20,1,True
SQ0712,S073,C015,2024-03-01,Synthetic Mastery Check,22,18,83.0,30,1,True
SQ0713,S073,C021,2024-03-05,Synthetic Mastery Check,27,22,81.0,23,1,True
SQ0714,S073,C022,2024-01-20,Synthetic Mastery Check,27,22,80.0,33,1,True
SQ0715,S073,C025,2024-03-28,Synthetic Mastery Check,27,22,83.0,20,1,True
SQ0716,S073,C028,2024-01-29,Synthetic Mastery Check,24,18,77.0,35,1,True
SQ0717,S073,C034,2024-02-02,Synthetic Mastery Check,26,22,86.0,27,1,True
SQ0718,S074,C002,2024-03-08,Synthetic Mastery Check,24,18,74.0,25,1,True
SQ0719,S074,C011,2024-01-30,Synthetic Mastery Check,28,21,74.0,26,1,True
SQ0720,S074,C013,2024-01-29,Synthetic Mastery Check,23,17,74.0,24,1,True
SQ0721,S074,C018,2024-01-17,Synthetic Mastery Check,29,21,72.0,22,1,True
SQ0722,S074,C022,2024-01-11,Synthetic Mastery Check,26,22,85.0,33,2,True
SQ0723,S074,C026,2024-02-12,Synthetic Mastery Check,29,25,85.0,19,1,True
SQ0724,S074,C028,2024-01-22,Synthetic Mastery Check,22,18,82.0,23,1,True
SQ0725,S074,C033,2024-02-20,Synthetic Mastery Check,23,20,86.0,34,1,True
SQ0726,S074,C034,2024-01-07,Synthetic Mastery Check,24,19,78.0,29,1,True
SQ0727,S075,C003,2024-02-24,Synthetic Mastery Check,25,22,87.0,26,2,True
SQ0728,S075,C004,2024-01-03,Synthetic Mastery Check,22,18,80.0,27,1,True
SQ0729,S075,C006,2024-01-18,Synthetic Mastery Check,29,27,93.0,30,1,True
SQ0730,S075,C012,2024-02-29,Synthetic Mastery Check,26,23,90.0,27,2,True
SQ0731,S075,C013,2024-01-23,Synthetic Mastery Check,23,22,94.0,25,1,True
SQ0732,S075,C018,2024-02-27,Synthetic Mastery Check,22,17,78.0,20,2,True
SQ0733,S075,C020,2024-01-24,Synthetic Mastery Check,29,22,76.0,19,1,True
SQ0734,S075,C021,2024-02-12,Synthetic Mastery Check,29,25,86.0,26,1,True
SQ0735,S075,C023,2024-01-25,Synthetic Mastery Check,21,18,84.0,29,1,True
SQ0736,S075,C025,2024-03-25,Synthetic Mastery Check,24,22,91.0,18,1,True
SQ0737,S075,C028,2024-01-13,Synthetic Mastery Check,25,22,87.0,19,1,True
SQ0738,S075,C033,2024-01-16,Synthetic Mastery Check,26,23,90.0,34,1,True
SQ0739,S075,C035,2024-01-19,Synthetic Mastery Check,25,23,91.0,20,1,True
SQ0740,S076,C010,2024-03-10,Synthetic Mastery Check,29,27,92.0,35,2,True
SQ0741,S076,C012,2024-02-24,Synthetic Mastery Check,27,25,93.0,34,1,True
SQ0742,S076,C017,2024-03-20,Synthetic Mastery Check,25,18,73.0,33,1,True
SQ0743,S076,C018,2024-02-05,Synthetic Mastery Check,25,21,83.0,26,2,True
SQ0744,S076,C019,2024-02-01,Synthetic Mastery Check,29,27,92.0,29,2,True
SQ0745,S076,C020,2024-03-21,Synthetic Mastery Check,26,20,77.0,21,1,True
SQ0746,S076,C021,2024-01-15,Synthetic Mastery Check,29,24,83.0,27,1,True
SQ0747,S076,C022,2024-02-07,Synthetic Mastery Check,22,18,83.0,30,1,True
SQ0748,S076,C023,2024-01-05,Synthetic Mastery Check,26,24,93.0,23,2,True
SQ0749,S076,C028,2024-03-07,Synthetic Mastery Check,26,20,75.0,28,2,True
SQ0750,S076,C029,2024-01-13,Synthetic Mastery Check,22,17,78.0,25,1,True
SQ0751,S076,C032,2024-01-25,Synthetic Mastery Check,30,23,76.0,22,1,True
SQ0752,S076,C033,2024-03-11,Synthetic Mastery Check,24,18,77.0,28,1,True
SQ0753,S077,C006,2024-03-11,Synthetic Mastery Check,24,19,80.0,27,2,True
SQ0754,S077,C014,2024-01-18,Synthetic Mastery Check,25,22,86.0,19,1,True
SQ0755,S077,C018,2024-01-08,Synthetic Mastery Check,27,24,89.0,19,1,True
SQ0756,S077,C022,2024-03-09,Synthetic Mastery Check,26,21,81.0,24,1,True
SQ0757,S077,C025,2024-02-29,Synthetic Mastery Check,29,23,81.0,26,1,True
SQ0758,S077,C030,2024-01-14,Synthetic Mastery Check,24,21,87.0,29,2,True
SQ0759,S077,C034,2024-01-24,Synthetic Mastery Check,20,19,94.0,25,2,True
SQ0760,S077,C035,2024-01-01,Synthetic Mastery Check,28,25,91.0,33,1,True
SQ0761,S078,C001,2024-03-09,Synthetic Mastery Check,23,20,88.0,21,2,True
SQ0762,S078,C010,2024-02-19,Synthetic Mastery Check,21,18,87.0,26,1,True
SQ0763,S078,C011,2024-03-14,Synthetic Mastery Check,27,22,83.0,27,1,True
SQ0764,S078,C013,2024-03-03,Synthetic Mastery Check,29,23,78.0,20,1,True
SQ0765,S078,C014,2024-03-11,Synthetic Mastery Check,28,24,86.0,27,2,True
SQ0766,S078,C020,2024-03-12,Synthetic Mastery Check,29,26,89.0,21,2,True
SQ0767,S078,C033,2024-01-28,Synthetic Mastery Check,21,17,80.0,24,1,True
SQ0768,S079,C004,2024-01-22,Synthetic Mastery Check,30,24,79.0,28,1,True
SQ0769,S079,C016,2024-03-15,Synthetic Mastery Check,21,17,81.0,29,1,True
SQ0770,S079,C019,2024-01-05,Synthetic Mastery Check,25,20,81.0,32,1,True
SQ0771,S079,C022,2024-02-10,Synthetic Mastery Check,26,21,79.0,22,1,True
SQ0772,S079,C026,2024-03-11,Synthetic Mastery Check,21,17,81.0,24,2,True
SQ0773,S079,C027,2024-01-18,Synthetic Mastery Check,22,17,77.0,25,1,True
SQ0774,S079,C030,2024-01-05,Synthetic Mastery Check,27,25,94.0,27,1,True
SQ0775,S080,C008,2024-03-07,Synthetic Mastery Check,20,15,76.0,23,1,True
SQ0776,S080,C013,2024-03-03,Synthetic Mastery Check,27,21,78.0,23,2,True
SQ0777,S080,C016,2024-02-10,Synthetic Mastery Check,29,26,90.0,21,1,True
SQ0778,S080,C018,2024-02-12,Synthetic Mastery Check,23,20,87.0,34,2,True
SQ0779,S080,C019,2024-02-24,Synthetic Mastery Check,24,18,74.0,28,1,True
SQ0780,S080,C023,2024-02-22,Synthetic Mastery Check,29,21,73.0,23,1,True
SQ0781,S080,C029,2024-01-06,Synthetic Mastery Check,29,27,94.0,19,2,True
SQ0782,S081,C004,2024-02-14,Synthetic Mastery Check,25,19,75.0,31,1,True
SQ0783,S081,C009,2024-03-06,Synthetic Mastery Check,26,24,93.0,33,1,True
SQ0784,S081,C010,2024-03-20,Synthetic Mastery Check,21,16,74.0,28,1,True
SQ0785,S081,C011,2024-03-27,Synthetic Mastery Check,22,20,92.0,28,2,True
SQ0786,S081,C014,2024-01-03,Synthetic Mastery Check,30,28,93.0,22,2,True
SQ0787,S081,C017,2024-02-11,Synthetic Mastery Check,29,23,79.0,33,1,True
SQ0788,S081,C019,2024-02-20,Synthetic Mastery Check,26,23,87.0,24,1,True
SQ0789,S081,C025,2024-01-09,Synthetic Mastery Check,29,23,79.0,29,1,True
SQ0790,S081,C030,2024-01-07,Synthetic Mastery Check,29,25,87.0,32,2,True
SQ0791,S081,C033,2024-03-08,Synthetic Mastery Check,29,21,73.0,35,1,True
SQ0792,S082,C001,2024-01-04,Synthetic Mastery Check,26,20,77.0,22,1,True
SQ0793,S082,C004,2024-03-19,Synthetic Mastery Check,26,25,95.0,18,1,True
SQ0794,S082,C005,2024-01-02,Synthetic Mastery Check,26,20,75.0,19,2,True
SQ0795,S082,C010,2024-01-10,Synthetic Mastery Check,26,23,90.0,18,1,True
SQ0796,S082,C011,2024-03-22,Synthetic Mastery Check,26,22,83.0,31,1,True
SQ0797,S082,C015,2024-03-16,Synthetic Mastery Check,30,23,77.0,30,1,True
SQ0798,S082,C018,2024-01-08,Synthetic Mastery Check,30,24,81.0,23,1,True
SQ0799,S082,C022,2024-01-03,Synthetic Mastery Check,25,22,89.0,29,1,True
SQ0800,S082,C023,2024-02-19,Synthetic Mastery Check,23,17,76.0,28,1,True
SQ0801,S082,C035,2024-02-26,Synthetic Mastery Check,21,16,75.0,20,2,True
SQ0802,S083,C008,2024-03-19,Synthetic Mastery Check,20,17,86.0,27,1,True
SQ0803,S083,C019,2024-02-27,Synthetic Mastery Check,28,26,93.0,33,2,True
SQ0804,S083,C021,2024-02-08,Synthetic Mastery Check,20,19,94.0,20,1,True
SQ0805,S083,C023,2024-02-03,Synthetic Mastery Check,22,21,94.0,26,2,True
SQ0806,S083,C025,2024-03-04,Synthetic Mastery Check,26,19,73.0,29,2,True
SQ0807,S083,C028,2024-01-01,Synthetic Mastery Check,26,22,84.0,34,1,True
SQ0808,S083,C031,2024-03-21,Synthetic Mastery Check,24,21,89.0,34,1,True
SQ0809,S084,C001,2024-03-14,Synthetic Mastery Check,29,26,91.0,26,2,True
SQ0810,S084,C006,2024-01-08,Synthetic Mastery Check,21,19,89.0,31,1,True
SQ0811,S084,C008,2024-02-22,Synthetic Mastery Check,21,18,87.0,32,2,True
SQ0812,S084,C014,2024-02-18,Synthetic Mastery Check,25,19,76.0,28,1,True
SQ0813,S084,C016,2024-01-12,Synthetic Mastery Check,25,22,86.0,33,2,True
SQ0814,S084,C019,2024-03-17,Synthetic Mastery Check,29,21,73.0,27,1,True
SQ0815,S084,C030,2024-03-02,Synthetic Mastery Check,28,25,88.0,31,1,True
SQ0816,S084,C031,2024-03-19,Synthetic Mastery Check,22,18,81.0,19,1,True
SQ0817,S084,C035,2024-03-09,Synthetic Mastery Check,26,25,95.0,22,1,True
SQ0818,S085,C004,2024-02-22,Synthetic Mastery Check,24,19,81.0,25,1,True
SQ0819,S085,C009,2024-02-13,Synthetic Mastery Check,27,23,87.0,25,1,True
SQ0820,S085,C015,2024-02-12,Synthetic Mastery Check,28,20,73.0,32,1,True
SQ0821,S085,C018,2024-02-28,Synthetic Mastery Check,30,27,91.0,28,1,True
SQ0822,S085,C021,2024-02-04,Synthetic Mastery Check,26,22,86.0,27,1,True
SQ0823,S085,C022,2024-03-22,Synthetic Mastery Check,20,16,81.0,20,1,True
SQ0824,S085,C027,2024-03-22,Synthetic Mastery Check,30,24,79.0,34,1,True
SQ0825,S086,C017,2024-01-15,Synthetic Mastery Check,25,22,87.0,23,1,True
SQ0826,S086,C022,2024-03-20,Synthetic Mastery Check,20,18,91.0,22,1,True
SQ0827,S086,C028,2024-01-11,Synthetic Mastery Check,23,17,73.0,32,1,True
SQ0828,S086,C029,2024-02-25,Synthetic Mastery Check,22,19,88.0,29,1,True
SQ0829,S087,C004,2024-03-29,Synthetic Mastery Check,26,21,79.0,26,1,True
SQ0830,S087,C006,2024-02-18,Synthetic Mastery Check,25,24,95.0,21,1,True
SQ0831,S087,C009,2024-03-22,Synthetic Mastery Check,20,15,73.0,20,1,True
SQ0832,S087,C013,2024-01-18,Synthetic Mastery Check,22,21,95.0,29,1,True
SQ0833,S087,C016,2024-03-16,Synthetic Mastery Check,20,16,79.0,26,1,True
SQ0834,S087,C019,2024-01-31,Synthetic Mastery Check,21,15,73.0,19,2,True
SQ0835,S087,C022,2024-03-22,Synthetic Mastery Check,22,18,82.0,30,1,True
SQ0836,S087,C023,2024-02-07,Synthetic Mastery Check,22,18,83.0,20,2,True
SQ0837,S087,C025,2024-02-08,Synthetic Mastery Check,23,20,85.0,33,2,True
SQ0838,S087,C030,2024-02-06,Synthetic Mastery Check,26,23,87.0,26,1,True
SQ0839,S088,C002,2024-01-15,Synthetic Mastery Check,27,24,90.0,21,2,True
SQ0840,S088,C007,2024-01-29,Synthetic Mastery Check,21,19,92.0,24,1,True
SQ0841,S088,C010,2024-02-09,Synthetic Mastery Check,30,24,79.0,20,1,True
SQ0842,S088,C011,2024-01-10,Synthetic Mastery Check,25,20,80.0,23,1,True
SQ0843,S088,C012,2024-02-05,Synthetic Mastery Check,22,16,74.0,19,1,True
SQ0844,S088,C018,2024-02-22,Synthetic Mastery Check,20,16,80.0,28,1,True
SQ0845,S088,C023,2024-01-04,Synthetic Mastery Check,23,17,74.0,33,2,True
SQ0846,S089,C004,2024-02-08,Synthetic Mastery Check,24,22,92.0,29,1,True
SQ0847,S089,C013,2024-01-15,Synthetic Mastery Check,20,15,75.0,23,1,True
SQ0848,S089,C016,2024-01-25,Synthetic Mastery Check,28,23,83.0,32,1,True
SQ0849,S089,C018,2024-02-19,Synthetic Mastery Check,22,17,78.0,25,1,True
SQ0850,S089,C022,2024-02-25,Synthetic Mastery Check,21,16,74.0,31,2,True
SQ0851,S089,C023,2024-03-21,Synthetic Mastery Check,27,25,92.0,30,2,True
SQ0852,S089,C025,2024-01-09,Synthetic Mastery Check,25,18,74.0,35,1,True
SQ0853,S089,C029,2024-01-20,Synthetic Mastery Check,25,19,77.0,25,1,True
SQ0854,S089,C031,2024-01-19,Synthetic Mastery Check,20,18,91.0,19,2,True
SQ0855,S089,C033,2024-01-09,Synthetic Mastery Check,23,17,75.0,28,1,True
SQ0856,S090,C003,2024-01-06,Synthetic Mastery Check,23,20,85.0,27,2,True
SQ0857,S090,C004,2024-03-07,Synthetic Mastery Check,20,17,85.0,26,1,True
SQ0858,S090,C005,2024-01-12,Synthetic Mastery Check,26,22,86.0,25,1,True
SQ0859,S090,C006,2024-01-09,Synthetic Mastery Check,22,18,84.0,30,2,True
SQ0860,S090,C017,2024-03-08,Synthetic Mastery Check,27,25,93.0,25,1,True
SQ0861,S090,C018,2024-03-28,Synthetic Mastery Check,22,17,79.0,20,2,True
SQ0862,S090,C021,2024-03-12,Synthetic Mastery Check,29,25,85.0,30,2,True
SQ0863,S090,C023,2024-02-27,Synthetic Mastery Check,29,25,87.0,34,1,True
SQ0864,S090,C025,2024-03-06,Synthetic Mastery Check,29,27,94.0,30,2,True
SQ0865,S090,C026,2024-01-28,Synthetic Mastery Check,21,20,94.0,21,1,True
SQ0866,S090,C029,2024-02-24,Synthetic Mastery Check,26,19,72.0,24,1,True
SQ0867,S090,C034,2024-02-05,Synthetic Mastery Check,25,23,91.0,30,2,True
SQ0868,S091,C002,2024-03-28,Synthetic Mastery Check,23,20,89.0,22,2,True
SQ0869,S091,C003,2024-03-12,Synthetic Mastery Check,20,16,81.0,20,2,True
SQ0870,S091,C004,2024-01-24,Synthetic Mastery Check,22,21,94.0,31,1,True
SQ0871,S091,C006,2024-03-07,Synthetic Mastery Check,27,25,92.0,20,1,True
SQ0872,S091,C012,2024-02-02,Synthetic Mastery Check,20,18,88.0,33,1,True
SQ0873,S091,C013,2024-02-25,Synthetic Mastery Check,22,18,81.0,31,2,True
SQ0874,S091,C017,2024-01-30,Synthetic Mastery Check,23,20,86.0,27,2,True
SQ0875,S091,C020,2024-02-08,Synthetic Mastery Check,23,21,93.0,34,1,True
SQ0876,S091,C024,2024-01-31,Synthetic Mastery Check,25,20,79.0,31,1,True
SQ0877,S091,C025,2024-02-11,Synthetic Mastery Check,26,21,80.0,30,1,True
SQ0878,S091,C026,2024-03-29,Synthetic Mastery Check,22,16,73.0,31,1,True
SQ0879,S091,C027,2024-02-06,Synthetic Mastery Check,27,24,88.0,19,1,True
SQ0880,S091,C031,2024-02-19,Synthetic Mastery Check,28,25,91.0,31,2,True
SQ0881,S092,C001,2024-03-11,Synthetic Mastery Check,23,17,75.0,26,2,True
SQ0882,S092,C002,2024-03-28,Synthetic Mastery Check,25,21,84.0,27,2,True
SQ0883,S092,C003,2024-01-28,Synthetic Mastery Check,28,23,83.0,30,1,True
SQ0884,S092,C008,2024-02-21,Synthetic Mastery Check,29,22,76.0,30,1,True
SQ0885,S092,C012,2024-01-03,Synthetic Mastery Check,22,21,94.0,24,2,True
SQ0886,S092,C015,2024-02-12,Synthetic Mastery Check,23,20,89.0,35,2,True
SQ0887,S092,C026,2024-01-12,Synthetic Mastery Check,20,17,83.0,31,1,True
SQ0888,S092,C031,2024-02-10,Synthetic Mastery Check,22,16,72.0,19,2,True
SQ0889,S092,C035,2024-03-07,Synthetic Mastery Check,25,19,76.0,31,2,True
SQ0890,S093,C001,2024-02-04,Synthetic Mastery Check,24,18,76.0,26,1,True
SQ0891,S093,C006,2024-01-19,Synthetic Mastery Check,27,22,81.0,29,1,True
SQ0892,S093,C008,2024-03-27,Synthetic Mastery Check,21,17,80.0,20,1,True
SQ0893,S093,C009,2024-03-01,Synthetic Mastery Check,24,18,77.0,30,1,True
SQ0894,S093,C010,2024-03-01,Synthetic Mastery Check,23,17,74.0,34,1,True
SQ0895,S093,C011,2024-03-03,Synthetic Mastery Check,22,18,80.0,23,1,True
SQ0896,S093,C017,2024-02-14,Synthetic Mastery Check,21,19,90.0,28,1,True
SQ0897,S093,C018,2024-01-27,Synthetic Mastery Check,22,16,75.0,26,1,True
SQ0898,S093,C021,2024-03-20,Synthetic Mastery Check,24,18,77.0,20,1,True
SQ0899,S093,C022,2024-01-17,Synthetic Mastery Check,28,25,88.0,20,2,True
SQ0900,S093,C026,2024-02-04,Synthetic Mastery Check,28,23,82.0,30,1,True
SQ0901,S093,C027,2024-01-04,Synthetic Mastery Check,20,18,88.0,27,1,True
SQ0902,S093,C033,2024-01-19,Synthetic Mastery Check,23,19,82.0,25,2,True
SQ0903,S093,C034,2024-03-16,Synthetic Mastery Check,22,18,80.0,34,2,True
SQ0904,S094,C002,2024-03-15,Synthetic Mastery Check,25,22,86.0,30,1,True
SQ0905,S094,C013,2024-03-11,Synthetic Mastery Check,24,22,90.0,21,1,True
SQ0906,S094,C018,2024-01-08,Synthetic Mastery Check,29,23,80.0,18,1,True
SQ0907,S094,C021,2024-02-24,Synthetic Mastery Check,28,23,81.0,19,2,True
SQ0908,S095,C003,2024-03-06,Synthetic Mastery Check,21,17,80.0,20,1,True
SQ0909,S095,C010,2024-02-24,Synthetic Mastery Check,27,22,81.0,22,2,True
SQ0910,S095,C015,2024-01-08,Synthetic Mastery Check,22,16,72.0,30,1,True
SQ0911,S095,C019,2024-01-14,Synthetic Mastery Check,22,21,95.0,27,2,True
SQ0912,S095,C022,2024-02-20,Synthetic Mastery Check,24,22,91.0,24,2,True
SQ0913,S095,C027,2024-02-02,Synthetic Mastery Check,21,17,79.0,23,1,True
SQ0914,S095,C031,2024-01-15,Synthetic Mastery Check,21,17,81.0,31,1,True
SQ0915,S095,C033,2024-02-05,Synthetic Mastery Check,22,20,93.0,28,1,True
SQ0916,S095,C034,2024-02-12,Synthetic Mastery Check,26,20,78.0,34,1,True
SQ0917,S095,C035,2024-03-13,Synthetic Mastery Check,24,21,89.0,23,1,True
SQ0918,S096,C003,2024-01-27,Synthetic Mastery Check,29,25,86.0,29,1,True
SQ0919,S096,C006,2024-03-14,Synthetic Mastery Check,20,18,88.0,34,1,True
SQ0920,S096,C015,2024-02-06,Synthetic Mastery Check,28,22,80.0,22,2,True
SQ0921,S096,C019,2024-03-18,Synthetic Mastery Check,20,15,75.0,18,2,True
SQ0922,S096,C024,2024-02-27,Synthetic Mastery Check,29,23,81.0,31,1,True
SQ0923,S096,C026,2024-01-06,Synthetic Mastery Check,23,18,77.0,28,2,True
SQ0924,S096,C027,2024-03-02,Synthetic Mastery Check,24,20,83.0,27,1,True
SQ0925,S096,C029,2024-02-28,Synthetic Mastery Check,29,21,72.0,25,2,True
SQ0926,S097,C002,2024-01-21,Synthetic Mastery Check,23,17,76.0,30,2,True
SQ0927,S097,C009,2024-02-10,Synthetic Mastery Check,28,25,89.0,35,1,True
SQ0928,S097,C010,2024-02-24,Synthetic Mastery Check,25,19,75.0,22,1,True
SQ0929,S097,C013,2024-02-13,Synthetic Mastery Check,22,21,94.0,24,1,True
SQ0930,S097,C019,2024-03-01,Synthetic Mastery Check,20,17,85.0,21,1,True
SQ0931,S097,C022,2024-01-11,Synthetic Mastery Check,29,25,86.0,18,1,True
SQ0932,S097,C023,2024-01-06,Synthetic Mastery Check,24,17,72.0,30,1,True
SQ0933,S097,C024,2024-01-20,Synthetic Mastery Check,29,26,91.0,21,1,True
SQ0934,S097,C032,2024-01-03,Synthetic Mastery Check,24,22,93.0,25,1,True
SQ0935,S097,C034,2024-02-28,Synthetic Mastery Check,24,19,79.0,20,1,True
SQ0936,S098,C006,2024-01-10,Synthetic Mastery Check,27,22,81.0,22,1,True
SQ0937,S098,C013,2024-03-02,Synthetic Mastery Check,20,18,89.0,34,1,True
SQ0938,S098,C016,2024-03-10,Synthetic Mastery Check,20,15,77.0,18,1,True
SQ0939,S098,C017,2024-02-14,Synthetic Mastery Check,25,20,79.0,26,1,True
SQ0940,S098,C025,2024-01-15,Synthetic Mastery Check,21,19,90.0,33,1,True
SQ0941,S098,C027,2024-02-20,Synthetic Mastery Check,27,24,88.0,32,1,True
SQ0942,S098,C032,2024-02-22,Synthetic Mastery Check,20,17,84.0,34,1,True
SQ0943,S098,C033,2024-01-12,Synthetic Mastery Check,23,22,95.0,25,1,True
SQ0944,S098,C035,2024-01-02,Synthetic Mastery Check,22,18,81.0,20,2,True
SQ0945,S099,C002,2024-01-14,Synthetic Mastery Check,23,21,90.0,29,1,True
SQ0946,S099,C009,2024-03-13,Synthetic Mastery Check,26,21,82.0,22,2,True
SQ0947,S099,C014,2024-03-11,Synthetic Mastery Check,27,20,74.0,31,1,True
SQ0948,S099,C015,2024-02-22,Synthetic Mastery Check,24,18,77.0,24,2,True
SQ0949,S099,C016,2024-01-08,Synthetic Mastery Check,22,21,94.0,31,1,True
SQ0950,S099,C018,2024-01-02,Synthetic Mastery Check,27,20,73.0,28,2,True
SQ0951,S099,C022,2024-02-05,Synthetic Mastery Check,30,25,84.0,24,2,True
SQ0952,S099,C023,2024-03-17,Synthetic Mastery Check,24,21,86.0,21,1,True
SQ0953,S099,C028,2024-02-17,Synthetic Mastery Check,21,20,93.0,32,1,True
SQ0954,S099,C033,2024-02-10,Synthetic Mastery Check,29,26,88.0,32,1,True
SQ0955,S099,C034,2024-02-20,Synthetic Mastery Check,25,21,85.0,27,1,True
SQ0956,S100,C005,2024-01-10,Synthetic Mastery Check,28,25,91.0,25,1,True
SQ0957,S100,C010,2024-02-01,Synthetic Mastery Check,29,26,90.0,21,2,True
SQ0958,S100,C011,2024-01-12,Synthetic Mastery Check,29,24,84.0,28,2,True
SQ0959,S100,C019,2024-03-06,Synthetic Mastery Check,20,16,80.0,31,1,True
SQ0960,S100,C020,2024-01-01,Synthetic Mastery Check,22,18,84.0,20,2,True
SQ0961,S100,C023,2024-03-14,Synthetic Mastery Check,29,23,78.0,34,1,True
SQ0962,S100,C026,2024-02-14,Synthetic Mastery Check,24,20,83.0,23,1,True
SQ0963,S100,C027,2024-02-24,Synthetic Mastery Check,27,22,82.0,25,1,True
SQ0964,S100,C031,2024-03-01,Synthetic Mastery Check,27,23,84.0,33,1,True
SQ0965,S101,C001,2024-03-09,Synthetic Mastery Check,22,16,74.0,32,2,True
SQ0966,S101,C008,2024-01-14,Synthetic Mastery Check,25,22,89.0,20,1,True
SQ0967,S101,C012,2024-03-18,Synthetic Mastery Check,23,21,90.0,21,2,True
SQ0968,S101,C017,2024-03-30,Synthetic Mastery Check,22,20,92.0,25,2,True
SQ0969,S101,C024,2024-01-02,Synthetic Mastery Check,28,24,85.0,21,1,True
SQ0970,S102,C001,2024-03-14,Synthetic Mastery Check,22,17,79.0,18,1,True
SQ0971,S102,C005,2024-03-22,Synthetic Mastery Check,21,17,80.0,24,2,True
SQ0972,S102,C012,2024-03-17,Synthetic Mastery Check,28,25,89.0,35,1,True
SQ0973,S102,C013,2024-03-17,Synthetic Mastery Check,21,19,92.0,19,1,True
SQ0974,S102,C014,2024-02-10,Synthetic Mastery Check,26,21,79.0,22,2,True
SQ0975,S102,C015,2024-01-13,Synthetic Mastery Check,22,18,84.0,22,2,True
SQ0976,S102,C016,2024-02-13,Synthetic Mastery Check,23,22,95.0,30,1,True
SQ0977,S102,C033,2024-03-09,Synthetic Mastery Check,23,18,80.0,28,1,True
SQ0978,S103,C001,2024-03-22,Synthetic Mastery Check,30,27,89.0,19,1,True
SQ0979,S103,C014,2024-02-02,Synthetic Mastery Check,20,18,92.0,22,2,True
SQ0980,S103,C022,2024-02-14,Synthetic Mastery Check,24,19,80.0,30,1,True
SQ0981,S103,C025,2024-02-17,Synthetic Mastery Check,25,18,73.0,31,1,True
SQ0982,S103,C027,2024-01-15,Synthetic Mastery Check,23,18,78.0,26,1,True
SQ0983,S104,C009,2024-01-20,Synthetic Mastery Check,28,23,83.0,20,2,True
SQ0984,S104,C013,2024-02-21,Synthetic Mastery Check,21,17,79.0,20,1,True
SQ0985,S104,C015,2024-01-29,Synthetic Mastery Check,29,26,88.0,33,2,True
SQ0986,S104,C016,2024-02-24,Synthetic Mastery Check,28,22,78.0,22,1,True
SQ0987,S104,C025,2024-03-04,Synthetic Mastery Check,22,20,89.0,24,1,True
SQ0988,S104,C026,2024-01-04,Synthetic Mastery Check,30,23,78.0,33,1,True
SQ0989,S104,C027,2024-01-29,Synthetic Mastery Check,28,21,75.0,31,2,True
SQ0990,S104,C028,2024-03-22,Synthetic Mastery Check,25,23,92.0,22,1,True
SQ0991,S104,C032,2024-01-14,Synthetic Mastery Check,22,18,84.0,29,2,True
SQ0992,S105,C003,2024-02-01,Synthetic Mastery Check,23,20,86.0,35,2,True
SQ0993,S105,C004,2024-02-20,Synthetic Mastery Check,23,21,92.0,21,1,True
SQ0994,S105,C007,2024-02-02,Synthetic Mastery Check,21,15,73.0,21,1,True
SQ0995,S105,C009,2024-03-14,Synthetic Mastery Check,30,28,94.0,22,1,True
SQ0996,S105,C010,2024-01-05,Synthetic Mastery Check,21,17,80.0,23,2,True
SQ0997,S105,C011,2024-02-23,Synthetic Mastery Check,24,18,77.0,34,1,True
SQ0998,S105,C015,2024-01-04,Synthetic Mastery Check,26,22,84.0,32,1,True
SQ0999,S105,C018,2024-03-09,Synthetic Mastery Check,25,22,87.0,30,1,True
SQ1000,S105,C024,2024-03-05,Synthetic Mastery Check,28,24,86.0,30,1,True
SQ1001,S105,C026,2024-02-23,Synthetic Mastery Check,30,24,79.0,18,1,True
SQ1002,S105,C033,2024-01-23,Synthetic Mastery Check,27,22,82.0,21,2,True
SQ1003,S106,C002,2024-01-02,Synthetic Mastery Check,23,19,81.0,21,2,True
SQ1004,S106,C005,2024-03-11,Synthetic Mastery Check,25,22,90.0,18,1,True
SQ1005,S106,C007,2024-03-10,Synthetic Mastery Check,20,15,76.0,27,1,True
SQ1006,S106,C009,2024-01-21,Synthetic Mastery Check,28,26,94.0,24,2,True
SQ1007,S106,C012,2024-01-28,Synthetic Mastery Check,25,18,73.0,34,1,True
SQ1008,S106,C015,2024-03-03,Synthetic Mastery Check,25,19,75.0,23,2,True
SQ1009,S106,C021,2024-02-10,Synthetic Mastery Check,26,21,82.0,23,2,True
SQ1010,S106,C033,2024-03-15,Synthetic Mastery Check,29,21,74.0,29,1,True
SQ1011,S107,C003,2024-02-02,Synthetic Mastery Check,26,22,86.0,22,2,True
SQ1012,S107,C005,2024-01-25,Synthetic Mastery Check,29,27,92.0,33,1,True
SQ1013,S107,C007,2024-03-16,Synthetic Mastery Check,22,21,95.0,20,1,True
SQ1014,S107,C009,2024-03-11,Synthetic Mastery Check,26,24,94.0,27,1,True
SQ1015,S107,C011,2024-03-17,Synthetic Mastery Check,28,24,84.0,32,2,True
SQ1016,S107,C012,2024-02-08,Synthetic Mastery Check,25,22,89.0,26,1,True
SQ1017,S107,C013,2024-01-21,Synthetic Mastery Check,20,15,73.0,19,1,True
SQ1018,S107,C017,2024-03-14,Synthetic Mastery Check,26,20,75.0,25,2,True
SQ1019,S107,C018,2024-01-04,Synthetic Mastery Check,21,17,80.0,21,1,True
SQ1020,S107,C022,2024-01-12,Synthetic Mastery Check,22,17,76.0,18,2,True
SQ1021,S107,C023,2024-03-06,Synthetic Mastery Check,25,20,79.0,31,1,True
SQ1022,S107,C029,2024-03-29,Synthetic Mastery Check,25,21,83.0,27,2,True
SQ1023,S108,C004,2024-01-30,Synthetic Mastery Check,29,21,74.0,20,2,True
SQ1024,S108,C006,2024-02-23,Synthetic Mastery Check,24,20,84.0,27,2,True
SQ1025,S108,C014,2024-02-23,Synthetic Mastery Check,27,21,78.0,26,1,True
SQ1026,S108,C022,2024-01-13,Synthetic Mastery Check,24,19,79.0,35,1,True
SQ1027,S109,C001,2024-01-22,Synthetic Mastery Check,23,19,82.0,31,1,True
SQ1028,S109,C004,2024-01-31,Synthetic Mastery Check,27,25,91.0,27,1,True
SQ1029,S109,C008,2024-03-26,Synthetic Mastery Check,29,23,79.0,35,2,True
SQ1030,S109,C012,2024-01-29,Synthetic Mastery Check,22,19,88.0,32,1,True
SQ1031,S109,C024,2024-02-12,Synthetic Mastery Check,29,22,75.0,30,2,True
SQ1032,S109,C031,2024-03-14,Synthetic Mastery Check,25,20,81.0,22,1,True
SQ1033,S109,C033,2024-02-10,Synthetic Mastery Check,21,20,94.0,28,2,True
SQ1034,S110,C002,2024-03-22,Synthetic Mastery Check,26,21,80.0,25,2,True
SQ1035,S110,C005,2024-03-19,Synthetic Mastery Check,25,22,89.0,29,2,True
SQ1036,S110,C012,2024-01-25,Synthetic Mastery Check,28,23,81.0,28,1,True
SQ1037,S110,C014,2024-02-19,Synthetic Mastery Check,27,22,83.0,30,1,True
SQ1038,S110,C022,2024-03-07,Synthetic Mastery Check,24,17,72.0,26,1,True
SQ1039,S110,C029,2024-03-08,Synthetic Mastery Check,21,16,75.0,29,1,True
SQ1040,S111,C001,2024-01-15,Synthetic Mastery Check,21,19,90.0,29,2,True
SQ1041,S111,C011,2024-02-25,Synthetic Mastery Check,20,18,89.0,21,1,True
SQ1042,S111,C016,2024-01-27,Synthetic Mastery Check,24,20,83.0,22,1,True
SQ1043,S111,C030,2024-01-04,Synthetic Mastery Check,25,19,77.0,30,1,True
SQ1044,S111,C033,2024-03-04,Synthetic Mastery Check,25,23,92.0,19,1,True
SQ1045,S111,C035,2024-02-17,Synthetic Mastery Check,29,23,81.0,33,1,True
SQ1046,S112,C008,2024-02-17,Synthetic Mastery Check,25,22,86.0,29,1,True
SQ1047,S112,C010,2024-01-01,Synthetic Mastery Check,23,17,75.0,19,1,True
SQ1048,S112,C013,2024-01-03,Synthetic Mastery Check,27,21,76.0,27,1,True
SQ1049,S112,C014,2024-02-24,Synthetic Mastery Check,23,17,73.0,35,2,True
SQ1050,S112,C016,2024-01-07,Synthetic Mastery Check,25,18,74.0,28,1,True
SQ1051,S112,C020,2024-02-13,Synthetic Mastery Check,26,21,82.0,23,1,True
SQ1052,S112,C022,2024-03-01,Synthetic Mastery Check,29,23,79.0,31,1,True
SQ1053,S112,C032,2024-02-16,Synthetic Mastery Check,26,20,75.0,34,1,True
SQ1054,S112,C033,2024-03-19,Synthetic Mastery Check,24,21,89.0,23,1,True
SQ1055,S112,C034,2024-01-19,Synthetic Mastery Check,27,20,73.0,25,1,True
SQ1056,S113,C004,2024-01-21,Synthetic Mastery Check,28,22,80.0,22,1,True
SQ1057,S113,C009,2024-01-16,Synthetic Mastery Check,21,15,72.0,34,1,True
SQ1058,S113,C010,2024-02-26,Synthetic Mastery Check,29,23,78.0,32,1,True
SQ1059,S113,C011,2024-01-21,Synthetic Mastery Check,24,20,85.0,31,2,True
SQ1060,S113,C014,2024-01-05,Synthetic Mastery Check,29,27,93.0,34,2,True
SQ1061,S113,C015,2024-01-02,Synthetic Mastery Check,27,20,73.0,25,1,True
SQ1062,S113,C018,2024-02-29,Synthetic Mastery Check,26,24,92.0,23,1,True
SQ1063,S113,C030,2024-01-19,Synthetic Mastery Check,26,20,77.0,20,1,True
SQ1064,S113,C032,2024-01-06,Synthetic Mastery Check,21,16,76.0,22,1,True
SQ1065,S114,C002,2024-01-30,Synthetic Mastery Check,27,20,75.0,30,2,True
SQ1066,S114,C005,2024-02-27,Synthetic Mastery Check,21,18,85.0,25,1,True
SQ1067,S114,C006,2024-01-04,Synthetic Mastery Check,30,25,82.0,28,1,True
SQ1068,S114,C015,2024-01-17,Synthetic Mastery Check,25,21,83.0,34,1,True
SQ1069,S114,C017,2024-02-27,Synthetic Mastery Check,22,19,88.0,32,1,True
SQ1070,S114,C024,2024-02-12,Synthetic Mastery Check,26,23,90.0,22,1,True
SQ1071,S114,C028,2024-01-21,Synthetic Mastery Check,24,23,94.0,25,1,True
SQ1072,S114,C034,2024-01-10,Synthetic Mastery Check,30,27,89.0,28,2,True
SQ1073,S115,C001,2024-02-29,Synthetic Mastery Check,26,22,83.0,34,2,True
SQ1074,S115,C003,2024-02-23,Synthetic Mastery Check,22,16,74.0,19,1,True
SQ1075,S115,C004,2024-02-15,Synthetic Mastery Check,22,20,93.0,28,1,True
SQ1076,S115,C007,2024-01-05,Synthetic Mastery Check,23,18,79.0,27,1,True
SQ1077,S115,C012,2024-03-02,Synthetic Mastery Check,23,17,73.0,23,2,True
SQ1078,S115,C015,2024-01-10,Synthetic Mastery Check,29,21,74.0,31,1,True
SQ1079,S115,C016,2024-03-22,Synthetic Mastery Check,24,17,72.0,19,2,True
SQ1080,S115,C022,2024-02-23,Synthetic Mastery Check,22,19,88.0,24,1,True
SQ1081,S115,C031,2024-02-20,Synthetic Mastery Check,24,21,88.0,32,1,True
SQ1082,S115,C034,2024-03-05,Synthetic Mastery Check,27,23,84.0,20,1,True
SQ1083,S115,C035,2024-02-19,Synthetic Mastery Check,25,21,85.0,31,1,True
SQ1084,S116,C001,2024-01-23,Synthetic Mastery Check,20,17,84.0,29,1,True
SQ1085,S116,C007,2024-02-01,Synthetic Mastery Check,21,18,85.0,20,1,True
SQ1086,S116,C011,2024-01-22,Synthetic Mastery Check,30,23,76.0,30,1,True
SQ1087,S116,C013,2024-03-24,Synthetic Mastery Check,23,20,89.0,34,1,True
SQ1088,S116,C014,2024-02-26,Synthetic Mastery Check,28,25,89.0,29,2,True
SQ1089,S116,C027,2024-02-10,Synthetic Mastery Check,30,26,87.0,26,1,True
SQ1090,S116,C028,2024-01-09,Synthetic Mastery Check,24,21,87.0,25,1,True
SQ1091,S116,C030,2024-03-21,Synthetic Mastery Check,25,20,79.0,24,2,True
SQ1092,S116,C033,2024-03-15,Synthetic Mastery Check,26,21,80.0,23,2,True
SQ1093,S116,C034,2024-01-15,Synthetic Mastery Check,25,22,90.0,19,2,True
SQ1094,S116,C035,2024-01-06,Synthetic Mastery Check,23,22,94.0,28,1,True
SQ1095,S117,C002,2024-01-15,Synthetic Mastery Check,25,20,78.0,22,1,True
SQ1096,S117,C004,2024-01-10,Synthetic Mastery Check,27,22,80.0,31,1,True
SQ1097,S117,C010,2024-03-20,Synthetic Mastery Check,23,22,94.0,30,2,True
SQ1098,S117,C011,2024-01-15,Synthetic Mastery Check,25,18,74.0,29,2,True
SQ1099,S117,C016,2024-03-01,Synthetic Mastery Check,23,21,90.0,31,2,True
SQ1100,S117,C023,2024-02-11,Synthetic Mastery Check,27,23,87.0,24,2,True
SQ1101,S117,C029,2024-01-21,Synthetic Mastery Check,29,22,75.0,32,1,True
SQ1102,S117,C030,2024-02-17,Synthetic Mastery Check,30,24,81.0,25,2,True
SQ1103,S117,C032,2024-02-08,Synthetic Mastery Check,21,18,88.0,23,2,True
SQ1104,S118,C006,2024-03-17,Synthetic Mastery Check,25,20,82.0,33,1,True
SQ1105,S118,C018,2024-01-27,Synthetic Mastery Check,27,22,80.0,34,2,True
SQ1106,S118,C019,2024-01-16,Synthetic Mastery Check,24,19,80.0,24,2,True
SQ1107,S118,C024,2024-03-27,Synthetic Mastery Check,22,17,78.0,21,1,True
SQ1108,S118,C032,2024-03-08,Synthetic Mastery Check,21,17,80.0,26,2,True
SQ1109,S119,C001,2024-01-06,Synthetic Mastery Check,28,21,74.0,26,2,True
SQ1110,S119,C014,2024-01-21,Synthetic Mastery Check,25,19,75.0,19,2,True
SQ1111,S119,C024,2024-03-26,Synthetic Mastery Check,23,17,75.0,26,1,True
SQ1112,S119,C030,2024-03-23,Synthetic Mastery Check,23,21,91.0,20,1,True
SQ1113,S119,C035,2024-02-03,Synthetic Mastery Check,23,17,76.0,28,1,True
SQ1114,S120,C001,2024-01-28,Synthetic Mastery Check,28,26,93.0,34,2,True
SQ1115,S120,C003,2024-01-20,Synthetic Mastery Check,23,21,92.0,30,1,True
SQ1116,S120,C004,2024-03-05,Synthetic Mastery Check,27,23,86.0,27,1,True
SQ1117,S120,C008,2024-02-15,Synthetic Mastery Check,21,18,85.0,34,2,True
SQ1118,S120,C014,2024-01-15,Synthetic Mastery Check,27,23,84.0,21,1,True
SQ1119,S120,C017,2024-01-15,Synthetic Mastery Check,23,18,80.0,22,1,True
SQ1120,S120,C018,2024-01-18,Synthetic Mastery Check,25,19,75.0,32,1,True
SQ1121,S120,C021,2024-03-07,Synthetic Mastery Check,23,20,88.0,29,1,True
SQ1122,S120,C023,2024-02-20,Synthetic Mastery Check,27,24,90.0,30,2,True
SQ1123,S120,C026,2024-03-23,Synthetic Mastery Check,28,24,86.0,33,2,True
SQ1124,S120,C028,2024-01-11,Synthetic Mastery Check,27,22,81.0,28,1,True
SQ1125,S120,C032,2024-03-01,Synthetic Mastery Check,28,25,91.0,22,1,True
SQ1126,S120,C033,2024-03-10,Synthetic Mastery Check,29,23,81.0,35,2,True
